а__,15689
і__,9149
__п,8050
__н,6629
е__,6619
я__,6197
ы__,5971
__з,5606
__с,5547
ў__,5158
__а,5001
у__,4970
__т,4723
__я,4636
__д,4499
_па,4232
__в,4168
ь__,4069
__і,3769
__к,3734
о__,3539
__м,3467
__б,3358
__г,3269
м__,3241
на_,3211
ць_,3035
_на,2819
не_,2741
_і_,2705
_не,2675
й__,2584
_пр,2340
__ў,2170
к__,2166
_ка,2110
__у,2071
__р,2065
_за,2044
кі_,1986
__ш,1974
_та,1967
н__,1942
ся_,1911
лі_,1901
_да,1871
з__,1842
аў_,1839
пра,1801
то_,1653
ава,1551
алі,1551
ла_,1530
ам_,1499
х__,1488
_ма,1452
_з_,1431
дзе,1401
ю__,1391
та_,1383
_вы,1382
што,1374
_шт,1370
__ч,1349
_ад,1344
_ра,1297
ай_,1293
_гэ,1259
ка_,1259
ала,1254
гэт,1243
__х,1227
ны_,1194
__л,1177
_бы,1168
га_,1140
__ц,1132
__ё,1111
__ж,1097
_ў_,1096
_у_,1088
_як,1055
ста,1053
_га,1038
_а_,1034
дзі,1019
ты_,1017
эта,1004
_я_,999
ца_,995
пры,988
раз,978
_дз,972
так,963
р__,955
т__,955
_ча,946
аць,943
пад,933
цца,927
ра_,908
ама,899
ён_,870
ага,856
ку_,855
го_,847
ыя_,843
ая_,835
_ён,835
ара,830
_са,830
да_,829
д__,805
ма_,796
_ве,788
але,783
ае_,776
_ва,772
кал,765
мі_,762
ым_,737
_ты,737
ак_,718
му_,713
ска,710
ва_,704
ўся,696
_то,688
вац,682
ш__,679
ада,678
_ст,676
оль,675
пер,674
ры_,674
с__,673
нав,668
яго,663
ера,662
_ян,657
іць,656
адз,644
_яг,643
ці_,643
_св,642
вал,641
был,641
_ск,636
ары,629
_ал,627
_ба,619
це_,613
як_,605
_сп,601
вы_,589
кам,588
лас,575
каз,564
ля_,564
ькі,559
ім_,558
аза,558
одз,553
дзя,553
ад_,552
_ту,549
ды_,541
ыў_,540
гар,537
льк,531
амі,529
сам,529
б__,528
ана,528
іх_,522
нік,517
за_,514
сь_,513
_тр,511
чы_,510
_мо,505
асц,505
вер,503
пак,503
_сы,499
вар,494
рав,491
там,490
ых_,489
рад,486
_аб,485
_пе,485
ую_,482
ой_,480
ле_,478
мал,471
аль,469
_ні,469
чын,468
ата,468
ася,463
зе_,460
ран,453
_кр,453
най,452
зна,450
рац,448
ж__,446
аст,445
заў,442
оў_,441
іка,440
раб,440
ні_,439
рас,437
бе_,436
__ф,435
ачы,431
аве,430
ака,430
_вя,427
ну_,425
раў,423
сці,421
ахв,421
аву,421
пас,420
ыць,420
сва,415
ван,411
еда,410
рам,408
іў_,406
_до,406
_яс,406
бра,404
нас,404
_бо,403
ч__,402
сын,399
ако,397
пал,397
_во,397
мам,396
час,395
вед,395
хва,394
ын_,393
ныя,391
_су,390
_ця,389
_ха,386
тра,386
_жа,384
ё__,383
аві,382
ацк,379
ло_,379
рла,378
ваў,378
ілі,376
буд,373
тол,372
ача,372
_ўс,372
трэ,372
цкі,371
арл,369
яна,369
ліс,369
лад,368
_зн,366
тар,365
ас_,363
тав,361
аму,360
_зл,359
дал,358
льн,356
лах,354
ар_,354
цы_,353
нуў,353
аб_,353
ход,351
таў,350
або,350
адн,347
ыла,345
_ус,345
анн,342
_бу,341
аро,341
мян,340
лік,340
чар,339
ін_,338
пав,337
іна,337
ачк,335
ыло,335
_ся,334
ах_,332
_ле,331
пар,330
ця_,329
_гр,328
кін,326
ылі,324
які,324
ялі,323
аго,323
ецц,322
_ж_,321
стр,321
іся,320
яе_,319
аўс,318
_ме,317
ат_,317
_ру,316
іла,315
ным,315
акі,313
_ня,312
пач,311
ога,310
ба_,310
_мя,309
удз,309
зін,308
лен,308
чка,308
асл,307
_мн,306
шы_,306
ей_,305
_ку,305
наг,305
тры,304
аю_,304
сць,304
рна,302
_ды,301
ду_,300
каб,298
кан,298
тва,298
жа_,298
дна,297
зіц,294
абе,294
лав,293
кры,293
ная,292
ня_,291
спа,291
па_,290
апа,290
рыс,289
кра,288
ясь,288
абі,287
тат,287
аец,286
э__,285
аны,285
кла,283
арн,283
ыма,283
еры,282
уля,282
ові,282
быў,282
дар,281
ані,279
сё_,279
азу,279
дач,278
ына,278
ады,277
іва,277
вяр,274
яне,274
ова,273
тал,272
рым,271
лів,270
мож,270
_яе,270
_по,270
гля,269
_ду,269
яны,269
ія_,268
ядз,268
мне,267
дав,267
спр,266
іну,266
еў_,265
аба,265
чал,265
ўна,264
нов,264
ніч,263
віч,263
кай,262
лод,261
кар,261
вае,261
_ці,260
нне,260
_ко,259
іч_,259
аля,259
мы_,259
ных,259
даў,258
ючы,258
ума,258
аз_,257
_жы,256
іра,256
рэб,256
уў_,254
ляд,254
ік_,253
вай,253
паў,253
_іх,252
ано,250
ыта,250
ось,249
уме,249
ык_,249
уць,249
пам,248
вус,248
яшч,248
нам,247
бо_,246
улі,243
яму,243
_ям,242
эты,242
бар,242
зло,241
маг,240
_кі,240
ер_,239
ожа,238
зал,237
ння,236
аме,236
ыцц,235
яга,235
_сл,235
_зд,234
нка,234
мен,233
ру_,233
дзв,232
гад,232
зум,231
тым,231
дум,229
ман,229
_ін,228
саб,227
каў,226
бач,226
шчэ,225
жан,225
ват,224
таг,224
кім,223
кац,223
мар,222
ыка,222
енн,222
рук,221
_зр,221
ало,221
_ім,220
тул,220
ое_,220
_го,220
яў_,220
доб,219
кса,219
адк,219
скі,218
оўн,218
лін,217
ыст,217
аво,217
він,217
еш_,216
сля,215
два,214
аты,213
_хо,213
ан_,213
тут,212
ора,212
лев,212
_чы,212
ела,211
_мі,211
ут_,210
чыц,210
кія,209
для,209
ель,209
_ак,208
_лі,208
чэ_,208
ль_,208
пан,207
аку,206
__е,205
ўва,205
_др,205
ажу,205
_бл,205
ус_,204
_ву,204
_яш,204
апр,204
чым,204
аўл,203
ека,203
вял,203
аса,202
аця,202
яць,202
ябе,202
ем_,201
_ну,201
аўн,200
лат,199
ікі,198
юць,198
рал,197
ацы,197
агл,197
лкі,197
атр,197
маў,196
обр,196
хто,196
аўд,195
ту_,195
ева,195
_лю,195
_дл,195
нта,194
льш,193
ляг,193
_ро,193
аха,192
зам,192
асп,191
_пя,191
тка,191
_зв,191
нул,191
рыц,191
кая,190
анд,190
эба,188
жо_,188
ўсё,188
вам,188
айш,187
ліц,187
ула,187
ацц,186
жыц,186
_ан,185
куп,185
пат,185
_дв,185
аюц,185
кав,185
ька,185
дра,185
кой,184
_му,184
дас,183
арт,183
ахо,182
нь_,182
дае,182
_рэ,182
кол,181
гал,181
ве_,181
ант,181
жна,181
зва,181
ару,180
тан,180
раш,179
важ,179
аск,179
азв,179
тро,179
ках,178
ожн,177
рых,177
_бе,176
ваю,176
каж,176
бы_,176
л__,176
вос,175
овы,175
зра,175
зёл,175
аду,175
дам,175
зей,174
рат,174
чна,173
ёй_,173
аюч,173
кую,173
гу_,172
вас,172
_пл,172
рак,172
рап,171
нен,171
ней,171
ёлк,170
_зё,170
ень,169
еце,169
мае,169
рын,168
віл,168
ыва,168
_гл,168
_ап,167
нчы,166
шоў,166
зіў,166
нні,166
ву_,166
ную,165
гав,165
нап,164
дзь,164
ане,164
_бр,163
тэр,162
іўс,162
заб,162
нач,162
кіх,161
нек,161
арэ,161
аці,161
одн,160
йна,160
ярэ,159
акл,159
тай,159
анч,159
нна,159
_хл,158
ент,158
_цё,158
паг,158
ыхо,157
дны,157
таб,157
нак,157
рык,157
адч,157
_ас,156
зве,156
се_,156
біц,155
адр,155
дак,155
сту,155
гро,154
тур,154
вор,154
са_,154
ост,153
_мы,153
ура,153
_пі,153
аца,153
зда,153
ліч,153
оры,152
аце,152
абр,152
_ві,152
вел,152
чыў,152
усі,152
рош,151
_кл,151
бол,151
амо,150
чак,150
япе,150
сто,150
ажы,150
цяп,150
_хт,150
ган,150
г__,150
_гу,150
йшл,149
ску,149
дом,149
быц,148
ома,148
ыся,148
зас,148
_ла,148
мат,148
све,148
апі,148
тна,147
зап,147
іст,147
эй_,147
мер,147
зі_,146
дка,146
каг,146
ато,146
ыра,146
ьмі,145
ур_,145
ыпа,145
ьна,145
_тв,145
лаў,144
ча_,144
азі,143
олі,143
зен,142
нае,142
вык,142
гі_,141
іцц,141
ств,141
пыт,141
дру,141
_ху,141
ням,141
льм,141
ука,141
кас,140
_аж,140
сты,140
ніц,140
_аг,140
__i,140
звя,139
сар,138
рну,138
тны,138
над,138
едз,138
есц,138
адв,138
ены,138
ашы,137
гра,137
рос,137
лы_,137
_см,137
кул,137
блі,136
іта,136
пап,135
про,135
зац,135
ажа,135
вых,134
чу_,134
шчы,134
ом_,134
ымі,134
ўні,133
дык,133
ува,133
цёц,133
вяз,133
ану,132
вет,132
вып,132
_фі,131
гор,131
акс,131
яка,130
іцы,130
даю,130
лоп,130
іса,130
ров,130
мес,129
атэ,129
авы,129
спе,129
паз,129
раг,128
мог,128
ўда,128
ічы,128
пус,128
дчы,128
аша,128
рае,127
ічо,127
йце,127
доў,127
_зу,127
атн,127
хац,127
йшо,127
іне,126
рыв,126
зар,126
аеш,126
уст,126
ачу,126
коў,125
ок_,125
роз,125
ыні,125
_ув,125
ыйш,124
чык,124
айн,124
уўс,124
_но,123
ед_,123
мел,123
цяб,123
наз,123
чог,123
тыя,123
лед,123
рыш,122
ёця,122
цам,121
той,121
адс,121
асу,121
_фа,121
мна,121
но_,121
ода,120
гон,120
амы,120
ена,120
учы,120
зяў,120
п__,120
рыя,120
бав,120
род,119
усё,119
слу,119
інш,119
тая,119
_іс,119
нку,119
мац,119
лю_,119
суп,118
зір,118
сла,118
жур,118
сан,118
цяг,118
зла,118
_б_,118
еча,118
зь_,117
чан,117
іны,117
уха,117
няў,117
пла,117
уль,117
рка,117
ху_,116
наш,116
она,116
чай,116
акр,116
зан,116
тац,115
зад,115
вол,115
нуц,115
_ля,115
іль,115
нат,114
ець,114
ўжо,114
мін,114
зед,114
пля,114
шка,113
век,113
пай,113
стк,113
_се,113
чаў,113
сяб,112
анк,112
бод,112
энн,112
рта,112
ваб,111
мов,111
руг,110
іко,110
_ша,110
абы,110
рэч,110
авя,110
ц__,110
веч,110
ьш_,110
ыі_,110
туп,109
тру,109
сім,109
інн,109
чыл,109
яко,109
елі,108
пац,108
муж,108
_зб,108
адо,108
_ўв,108
жу_,108
агу,108
айц,107
роў,107
уса,107
вяд,107
цыя,107
шта,107
_тэ,107
кае,107
шлі,107
_ўж,107
хло,107
рыў,106
зец,106
бры,106
роб,106
ыча,106
йны,106
выр,106
дац,106
ёсц,105
оча,105
цік,105
ярн,105
яма,105
рый,105
чны,105
бла,104
апе,104
азн,104
піс,104
шай,104
рэш,103
ліз,103
сце,103
ячы,103
год,103
рах,102
аш_,102
ляк,102
ошы,102
нар,102
_ёй,102
ыш_,101
_ёс,101
піц,101
рыг,101
еся,101
руч,101
яні,101
ткі,101
піў,100
рыл,100
дап,100
тку,100
_ах,100
жыв,100
абл,100
тад,100
__э,99
рач,99
ўля,99
_ўз,99
ков,99
ока,99
зел,99
выс,99
су_,98
ўшы,98
ола,98
хан,98
_ар,98
пец,98
_кв,98
імі,97
вуч,97
_ід,97
нал,97
зав,97
іча,97
літ,97
іда,97
чам,97
нт_,96
адм,96
вул,96
тос,96
огу,96
уся,96
звы,96
пят,96
гат,95
яда,95
рэд,95
чыс,95
віў,95
_шк,95
чаг,95
тэл,95
піл,95
шча,94
пол,94
ерш,94
зіл,94
сна,94
люд,94
амя,94
асо,94
ява,94
кат,94
рай,93
кое,93
сяд,93
уду,93
зу_,93
без,93
наў,93
руб,93
ква,93
_ца,92
_ам,92
выч,92
ез_,92
ньк,92
ычн,92
_жо,92
іха,92
зяц,92
зея,92
айс,92
бот,92
онк,92
нск,91
i__,91
люб,91
асі,91
лег,91
ьні,91
віт,91
вым,91
цел,91
хап,90
ха_,90
яй_,90
сме,90
тор,90
спы,90
ноў,90
ядо,90
ндр,90
гас,90
_i_,90
зяд,90
шма,90
оты,90
ідз,90
кон,89
апо,89
атк,89
алы,89
адп,89
скр,89
йск,89
шла,89
вах,89
_зі,89
юдз,89
_чу,89
тае,88
рон,88
вес,88
цу_,88
бір,88
лей,88
ша_,88
гол,88
мас,88
_бя,88
усе,88
лов,87
_сі,87
рыт,87
клі,87
упі,87
агі,87
рыч,87
іты,86
сум,86
неп,86
_шч,86
ўла,86
ваі,86
зні,86
_зг,86
выя,86
нкі,86
сло,86
тоў,86
нін,86
тое,85
нем,85
віц,85
яку,85
ме_,85
бан,85
якс,85
тыч,85
ог_,84
ўны,84
вая,84
хоч,84
оны,84
біл,84
ынк,84
кру,84
упа,83
маю,83
ьны,83
май,83
яся,83
ыю_,83
цав,83
люч,83
хут,83
лам,83
ейк,83
зеў,83
дан,83
нцы,83
ужо,83
ятр,82
іку,82
ек_,82
аўт,82
вач,82
лух,82
рэй,82
огі,82
рок,82
ыце,82
ыня,82
лан,81
сві,81
_шм,81
хай,81
вый,81
клю,81
зак,81
анц,81
леп,81
ншы,81
зах,81
аня,81
дні,80
ыкі,80
іце,80
здз,80
ваш,80
гна,80
кур,80
_ат,80
ату,80
еі_,80
_сц,80
арм,80
цьк,80
від,80
ўск,80
эўн,80
__о,80
ког,79
неб,79
кір,79
отн,79
дор,79
ваг,78
ёў_,78
_зм,78
ўчы,78
чыт,78
вой,78
асн,78
ско,78
ком,78
ню_,78
_уз,78
яўч,78
_фр,78
эле,77
яро,77
даб,77
ляр,77
кта,77
нія,77
ейн,77
міл,77
жон,77
азм,77
оўк,77
шу_,76
фра,76
язн,76
зны,76
дно,76
озн,76
рва,76
нез,76
пэў,76
йдз,76
біў,76
нах,76
мая,76
шан,76
цяр,76
_ло,76
яла,76
лід,75
выб,75
нст,75
рэл,75
хал,75
ец_,75
сця,75
_уж,75
кну,75
зно,75
рны,75
апл,75
чац,75
нны,75
аўв,75
сал,74
эту,74
зня,74
адд,74
ыны,74
рма,74
рыз,74
рые,74
ацу,73
ўле,73
ной,73
сіл,73
ыху,73
акт,73
эры,73
гус,73
вод,73
утк,73
бля,73
опц,72
ашу,72
зял,72
ваё,72
ужы,72
бін,72
яры,72
ног,72
зеі,72
урм,72
свя,72
жы_,72
зус,71
ыкл,71
яду,71
юцц,71
алю,71
ойн,71
заг,71
шэн,71
ляў,70
цін,70
вец,70
бро,70
йша,70
цю_,70
тых,70
лак,70
ўга,70
цыі,70
уку,70
азы,70
абя,70
очы,70
бал,70
меў,69
сы_,69
аём,69
ен_,69
ыро,69
хам,69
_хі,69
_цы,69
алё,69
рус,69
іхт,68
абу,68
_ры,68
цац,68
рэц,68
_сх,68
чкі,68
мец,68
_кн,68
арк,68
рыб,68
бой,68
осц,68
сус,68
апы,68
оле,67
хав,67
нес,67
джа,67
дай,67
тую,67
_бі,67
уе_,67
уды,67
яўс,67
ята,67
яра,67
чку,67
сю_,67
хаў,67
нац,67
чор,67
бяр,67
оць,67
ціх,66
_іг,66
нца,66
др_,66
мее,66
інк,66
дст,66
аім,66
гну,66
епш,66
наё,66
урэ,65
бок,65
ігн,65
яце,65
ціц,65
ягн,65
скл,65
ол_,65
цаў,65
лос,65
жыл,65
_ур,65
еру,65
_хв,65
дчу,65
нец,65
кад,65
енс,65
жыў,65
глі,64
сцю,64
лач,64
хну,64
ань,64
шыя,64
_ўд,64
гул,64
дня,64
чат,64
шым,63
мно,63
от_,63
цяж,63
яцц,63
оўг,63
_пу,63
лял,63
бны,63
сьц,63
од_,63
афе,63
уск,63
жал,63
уба,63
лка,63
алк,63
ьці,62
пяр,62
ачн,62
азб,62
іга,62
інс,62
рэт,62
пын,62
інт,62
ніз,62
янк,62
ліп,62
дуц,62
рэс,62
кос,62
нда,61
оўв,61
тык,61
цеў,61
рша,61
хад,61
цка,61
нты,61
еха,61
адт,61
сле,61
нут,61
рот,61
ідо,61
чва,61
оду,60
усц,60
яві,60
цей,60
ічн,60
уча,60
жка,60
ціў,60
ажн,60
іі_,60
_сё,60
гчы,60
сца,60
оба,59
кож,59
сяр,59
іца,59
ому,59
етр,59
збі,59
уры,59
укі,59
лян,59
арц,59
гру,59
ляц,59
асы,59
ыга,59
_шу,59
_цэ,59
кап,59
бак,58
шко,58
хта,58
едн,58
кно,58
філ,58
ыну,58
кні,58
аўк,58
ета,58
аер,58
ніў,58
акн,58
сап,58
дво,58
лез,58
ст_,58
йшы,58
ыне,57
пае,57
таю,57
ейш,57
цыю,57
шын,57
нос,57
зай,57
сай,57
воч,57
агч,57
раф,57
ўсе,57
хар,57
дул,57
рці,57
_пы,57
хоц,57
_шы,57
дур,56
ўтр,56
сыр,56
бац,56
ўлі,56
юся,56
йкі,56
ямі,56
угі,56
рэк,56
ляс,56
_гі,56
сіц,56
зяч,56
ліў,56
ебу,56
айм,56
бед,56
_лё,56
дых,56
раж,56
ыго,56
ота,56
хач,55
ўка,55
хво,55
оша,55
онн,55
ужа,55
кро,55
ціл,55
маш,55
аўж,55
убл,55
іза,55
руц,55
йсц,55
зік,55
мад,55
ўча,55
яжк,55
сну,55
оўс,55
ццё,55
ысл,54
раю,54
чып,54
ськ,54
асв,54
іяк,54
шук,54
ляв,54
дры,54
ркі,54
ддз,54
ліг,54
лог,54
наб,54
гле,54
зуб,54
ыял,53
жны,53
кіш,53
іўн,53
нел,53
шце,53
ушы,53
душ,53
рты,53
жар,53
ута,53
емн,53
чыр,52
гам,52
ліл,52
ею_,52
фар,52
эшц,52
мею,52
апу,52
азд,52
дву,52
ніх,52
сі_,52
гож,52
чэн,52
ейс,52
аёй,52
вят,52
уко,52
рэн,51
зьм,51
ашт,51
жды,51
неш,51
энт,51
зга,51
орн,51
шна,51
ый_,51
цес,51
ўжд,51
сха,51
адл,51
глы,51
ерн,51
умн,50
уну,50
азе,50
эбн,50
бык,50
_со,50
ыўс,50
сяч,50
вад,50
шаў,50
упр,50
адб,50
жаб,50
сны,50
цця,50
між,50
ішэ,49
гры,49
ор_,49
нтэ,49
есь,49
упо,49
юбі,49
шся,49
руд,49
руш,49
тыс,49
обн,49
няц,49
сур,49
шту,49
хоў,49
смя,49
кід,49
выг,49
оды,49
уда,48
цё_,48
міх,48
шні,48
ёма,48
ённ,48
ьку,48
чув,48
мом,48
сад,48
льг,48
зма,48
нял,48
дол,48
ціс,48
ет_,48
ген,47
бяс,47
ыем,47
аўч,47
шыл,47
лом,47
раі,47
ск_,47
ою_,47
стэ,47
сав,47
сяц,47
анг,47
ыту,47
дча,47
езн,47
слі,47
яст,47
_яв,47
ўст,47
нев,47
дад,47
поў,47
урн,47
ызн,47
івы,47
ніл,47
лац,47
эра,47
руж,47
жчы,47
айг,47
дку,47
утн,46
епа,46
іш_,46
млі,46
цый,46
зем,46
ляе,46
окі,46
шаг,46
мой,46
яск,46
ізн,46
існ,46
ычы,46
дро,46
жац,46
даз,46
цёр,46
_ей,46
код,46
шых,46
ыгл,46
дос,46
оі_,46
_ёз,46
зян,46
віс,46
быв,45
каю,45
апя,45
ізк,45
орк,45
_чо,45
пта,45
дат,45
усн,45
нды,45
бна,45
вот,45
бяз,45
дах,45
рку,45
ард,45
ўду,45
ега,45
акц,45
сво,45
йго,45
ыве,45
каш,45
вын,45
ршы,45
змо,45
ярт,45
ыку,45
ывё,45
дыр,45
аіх,45
нім,44
ўдз,44
вух,44
эйш,44
ося,44
чуў,44
ырэ,44
льц,44
тні,44
здо,44
яец,44
іж_,44
дыш,44
прэ,44
цэн,44
абс,44
зьк,44
ову,44
ьга,44
выл,44
ух_,44
куд,44
анс,44
коі,44
шчо,43
ніг,43
апт,43
ніф,43
сяс,43
зві,43
он_,43
яле,43
гла,43
пяц,43
епр,43
_ўп,43
учо,43
ёзн,43
чэй,43
мны,43
едч,43
амк,43
пца,43
рог,43
омн,43
_шп,43
чэс,42
льс,42
сут,42
ўзя,42
ойд,42
_це,42
дым,42
лес,42
агр,42
упл,42
пле,42
_уд,42
іні,42
ўне,42
сён,42
адг,42
экт,42
крэ,42
лёг,41
арв,41
сед,41
ніс,41
лям,41
_чэ,41
баб,41
піш,41
зво,41
ром,41
ях_,41
злі,41
ўку,41
мя_,41
ухо,41
хул,41
аем,41
кты,41
лай,41
вёў,41
_уб,41
пор,41
міт,41
хоп,41
ове,40
уго,40
онь,40
чае,40
пюр,40
_ўм,40
ыха,40
ём_,40
осі,40
зач,40
ішч,40
зям,40
_аф,40
ея_,40
фац,40
ежа,40
эшт,40
олю,40
выд,40
зів,40
упю,40
яўл,40
ужч,40
суд,40
айд,40
моў,40
азо,40
паб,40
тыр,39
_іш,39
орт,39
цтв,39
чул,39
дзё,39
уша,39
спу,39
мус,39
зоў,39
няд,39
еля,39
_ўл,39
дпа,39
очн,39
ачэ,39
элі,39
лыш,39
__ю,39
зы_,39
мах,39
зяк,39
эт_,39
вок,39
ушк,39
уці,39
бру,39
жэй,39
ач_,39
ал_,39
уты,39
ёс_,39
нед,39
уцц,38
_дэ,38
ўды,38
ўве,38
обі,38
аўц,38
неа,38
тво,38
дкр,38
и__,38
фес,38
паш,38
ыба,38
бер,38
ясн,38
ўме,38
во_,38
ўкі,38
удо,38
еса,38
лая,38
дын,38
бу_,38
эчы,38
дда,38
аё_,38
лус,38
іфа,38
чаш,38
уве,38
вую,38
зеш,38
_зя,37
ыві,37
зне,37
жае,37
бая,37
ору,37
жаў,37
лу_,37
саў,37
арг,37
пен,37
іба,37
_сю,37
ўза,37
няе,37
ліх,37
ваз,37
лек,37
упн,37
рт_,37
ешс,37
ыда,37
пом,37
_фе,37
ыхт,37
зго,37
эдн,37
спі,37
ыно,37
туд,37
нер,37
эст,37
зды,37
мні,36
рыд,36
узя,36
няс,36
айл,36
пш_,36
уюч,36
фер,36
эрц,36
чні,36
шав,36
ашн,36
вон,36
соб,36
_уп,36
отк,36
хіб,36
ятл,36
люс,36
сіх,36
йма,36
пот,36
ёгк,35
тов,35
сюд,35
тач,35
етл,35
ецк,35
_ўр,35
опе,35
йка,35
ітр,35
лёт,35
оку,35
уюц,35
юды,35
ынц,35
цал,35
сіў,35
выз,35
ьск,35
іск,35
віш,35
аху,35
нях,35
уга,35
ыйд,35
ўсі,35
зро,35
іўл,35
ясе,35
учн,35
шал,35
хві,35
рдз,35
пош,35
ўдн,35
сун,35
гва,35
мід,34
_ун,34
ісь,34
алу,34
збр,34
лет,34
_фо,34
неў,34
ерх,34
сел,34
спя,34
ясп,34
яль,34
плі,34
ывы,34
хлу,34
ашк,34
губ,34
сок,34
вук,34
дкі,34
адж,34
цай,34
ысо,34
яза,34
іцу,34
вяч,34
еці,34
ук_,34
меш,34
ліш,34
яну,34
мед,34
гай,34
біт,34
аге,34
_ўб,34
плы,33
зну,33
наю,33
рме,33
еві,33
блё,33
бес,33
бяц,33
ям_,33
_сэ,33
умк,33
онч,33
ўно,33
рэз,33
оні,33
гае,33
сма,33
яці,33
_ул,33
ляю,33
гук,33
жык,33
нет,33
мле,33
зрэ,33
ўну,33
_дн,33
ядч,33
утр,33
рэв,33
лаг,33
эль,33
рэ_,33
ычк,33
мір,33
мор,32
азь,32
ябр,32
рол,32
зат,32
ніж,32
ьце,32
дта,32
іп_,32
леж,32
ьша,32
ўта,32
лоб,32
_п_,32
даг,32
сак,32
уб_,32
лоў,32
ямл,32
ыты,32
сні,32
еду,32
ееш,32
ект,32
лёў,32
опі,32
аўз,32
йся,32
еза,32
уму,32
іві,32
нан,32
аж_,32
рып,32
няг,32
пяш,32
тыт,32
озу,32
пах,32
бур,32
ухн,32
азг,32
элк,32
мка,31
ячэ,31
тлі,31
няй,31
ыбр,31
эдз,31
осы,31
эрк,31
амп,31
арш,31
мур,31
моц,31
уй_,31
рож,31
еяў,31
сен,31
кцё,31
эва,31
скв,31
эсі,31
под,31
аіц,31
длі,31
ф__,31
ьшы,31
уч_,31
уру,31
ест,31
сік,31
мач,31
йду,31
гін,31
ешт,31
луп,31
шыр,30
рмі,30
дрэ,30
ёна,30
эла,30
пек,30
віз,30
оту,30
мет,30
поз,30
зён,30
нту,30
нят,30
зя_,30
_пэ,30
выц,30
уна,30
гаў,30
гка,30
ул_,30
баг,30
пін,30
ўця,30
эру,30
оцн,30
бам,30
цоў,30
роі,30
сят,29
збя,29
сяг,29
гія,29
асе,29
сцы,29
йчы,29
лыя,29
жэн,29
бку,29
лал,29
пы_,29
ысу,29
_хр,29
опа,29
ыбі,29
_шэ,29
ыдз,29
гуц,29
ыўд,29
сям,29
чон,29
тко,29
фір,29
сял,29
_ўн,29
сов,29
шыў,29
рух,29
лер,29
смі,29
нёс,29
ытн,29
_эк,29
ніб,29
ыкр,29
лко,29
ібы,29
есп,29
ырв,29
ыму,29
слы,29
яюц,28
хні,28
енш,28
жад,28
еды,28
цан,28
укн,28
эч_,28
ыко,28
ыду,28
бог,28
лаз,28
газ,28
ерк,28
ціш,28
аяў,28
фон,28
жаш,28
зыв,28
ошт,28
ьён,28
здр,28
апн,28
осл,28
ема,28
аюс,28
кух,28
цен,28
гос,28
ноч,28
шпа,28
чэр,28
рой,28
тук,28
омы,27
ышы,27
ежы,27
жлі,27
елы,27
аог,27
ені,27
шыс,27
мпа,27
лыб,27
сац,27
унк,27
сцё,27
сыц,27
енц,27
нао,27
выв,27
лаб,27
_ге,27
рую,27
шае,27
мкн,27
евя,27
вак,27
змя,27
рая,27
тон,27
лых,27
авё,27
мон,27
пцы,27
_яў,27
кіт,27
іма,27
ёны,27
_аз,27
кут,27
эні,27
фал,27
дух,27
няв,27
дма,27
зкі,27
мік,27
шая,27
шап,27
дгу,26
_яд,26
вік,26
леч,26
_цу,26
утч,26
яты,26
тчэ,26
нша,26
ясю,26
цар,26
рун,26
обя,26
дла,26
жва,26
ымл,26
тэт,26
рні,26
ішл,26
зяс,26
ярп,26
__и,26
сня,26
мся,26
ушн,26
ляч,26
азр,26
есі,26
_зо,26
тас,26
ягв,26
рмо,26
кцы,26
лым,26
дло,26
шты,26
рба,26
оне,26
зес,26
луж,26
ёрк,26
яля,26
сэр,26
ыры,26
жак,26
цём,25
аяв,25
одл,25
рох,25
рмя,25
кля,25
кна,25
йні,25
лон,25
ецы,25
ерц,25
_о_,25
яша,25
ажл,25
іру,25
лап,25
шыв,25
эза,25
уўш,25
ыпл,25
мак,25
_ўц,25
йле,25
льв,25
кве,25
_еў,25
лыт,25
сін,25
міц,25
лку,25
опы,25
быт,25
пос,25
ліж,25
юст,25
нок,25
ыву,25
чуц,25
рск,25
аўш,25
фед,25
_эл,25
ізі,25
эці,25
еты,25
рст,25
айб,25
ышо,24
яру,24
сот,24
ышт,24
ёю_,24
джу,24
хры,24
зка,24
ыцы,24
нгл,24
цуд,24
шку,24
маё,24
ышл,24
рш_,24
льё,24
кум,24
ўра,24
ерд,24
ерл,24
_ке,24
іпа,24
хіл,24
печ,24
веж,24
яжа,24
ожы,24
вёл,24
ьца,24
ічу,24
цах,24
блю,24
кор,24
есе,24
яха,24
абк,24
фор,24
неч,24
дну,24
ох_,24
_уц,24
сей,24
ірк,24
лют,24
роц,24
ітэ,24
ірн,24
ечы,24
ошн,24
ызв,23
мкі,23
гац,23
нот,23
ыяй,23
орш,23
сем,23
абв,23
плю,23
рэм,23
ію_,23
абн,23
ішы,23
зык,23
кус,23
нто,23
дмы,23
фел,23
іту,23
іто,23
цер,23
бег,23
егл,23
ысы,23
шкі,23
ешн,23
ацв,23
еец,23
эрн,23
шам,23
гне,23
збо,23
мыя,23
пшы,23
дне,23
тла,23
хер,23
езд,23
мят,23
тлу,23
арс,23
арб,23
пу_,23
пой,23
гім,23
зіч,23
аён,23
оса,23
фіс,23
_вё,23
ірм,23
_лы,23
рга,23
пна,23
ятк,23
жуц,23
яме,23
_ёю,22
нтр,22
чаю,22
кіл,22
_ум,22
ечн,22
нш_,22
іле,22
ьма,22
упш,22
нтн,22
пшч,22
гур,22
рцы,22
мыл,22
ыля,22
гіл,22
рар,22
ілы,22
ыця,22
дпі,22
ысц,22
тах,22
лыс,22
_аў,22
ідн,22
зол,22
юча,22
цыг,22
хі_,22
оме,22
рне,22
есл,22
ёмн,22
ёр_,22
мяш,22
дэн,22
нея,22
вёр,22
еяк,22
кло,22
етк,22
баў,22
ойч,22
рум,22
ыпр,21
бел,21
удн,21
орс,21
фаб,21
раё,21
кеп,21
йбо,21
ахі,21
ыўш,21
учк,21
мёр,21
вяц,21
чну,21
нів,21
ярс,21
ляш,21
ыпі,21
азл,21
асс,21
зме,21
воз,21
упе,21
яня,21
ейф,21
іды,21
ерв,21
зру,21
рэў,21
рлі,21
дуч,21
еця,21
убк,21
імп,21
іжн,21
іхн,21
пны,21
янт,21
сер,21
глу,21
цям,21
ыці,21
ацэ,21
мяр,21
лёк,21
зяж,21
убы,21
сёд,21
цці,21
ацо,21
ажэ,21
ахн,21
дск,21
кві,21
ьму,21
лож,21
уні,21
_еж,21
фак,21
мав,21
ёт_,21
дко,21
цёк,21
спо,21
льб,21
шпі,20
дбы,20
цяк,20
усм,20
іжэ,20
схо,20
сач,20
юра,20
ежн,20
лят,20
уця,20
ўсю,20
эсл,20
бле,20
іша,20
жах,20
ійн,20
цку,20
пеў,20
зку,20
сыл,20
агн,20
шчу,20
умл,20
інд,20
йст,20
маі,20
шую,20
ідэ,20
цэл,20
зеж,20
ртр,20
ос_,20
тве,20
точ,20
дон,20
выш,20
пні,20
гой,20
бса,20
кіп,20
тыд,20
зім,20
эмн,20
цем,20
ютн,20
дба,20
гуч,20
убо,20
жай,20
уеш,20
ішу,20
лум,20
тэм,20
эдк,20
ніш,20
атл,20
бож,20
згу,19
роч,19
рца,19
сеў,19
кт_,19
язл,19
орм,19
хіт,19
тр_,19
кач,19
ляж,19
рыі,19
ыле,19
еба,19
том,19
муш,19
пяв,19
ёра,19
янн,19
ел_,19
іен,19
аяц,19
ыво,19
буе,19
явы,19
ебя,19
апэ,19
афі,19
вош,19
сій,19
абм,19
яд_,19
яшк,19
ямн,19
сон,19
ёкі,19
экс,19
ыру,19
ыца,19
яца,19
ыен,19
яжу,19
гэй,19
эча,19
быя,19
іду,19
хае,19
хім,19
чот,19
энь,19
клё,19
леб,19
ліе,19
мро,19
ігу,19
яча,19
жаю,19
зба,19
оха,19
міз,19
ўба,19
ыгу,19
лем,19
аех,19
евы,19
бою,19
цвё,19
шня,18
ыто,18
одж,18
одк,18
шло,18
улк,18
оп_,18
йму,18
іўш,18
рму,18
еку,18
бял,18
озі,18
нум,18
грэ,18
іры,18
вуш,18
_ўк,18
аўг,18
ічв,18
ашэ,18
нва,18
в__,18
сяк,18
тма,18
ег_,18
ыяц,18
юль,18
ток,18
ефо,18
леф,18
лях,18
сым,18
ншч,18
язк,18
ыша,18
ойс,18
ась,18
ляп,18
мыс,18
ечк,18
жам,18
ону,18
дой,18
_жу,18
ыйс,18
абх,18
імя,18
гіх,18
ышч,18
ячо,18
аг_,18
узд,18
ыпу,18
із_,18
ёды,18
оня,18
рыж,18
пел,18
хвя,18
таі,18
сув,18
ёлі,18
еўз,18
енк,18
ыбы,18
наж,18
ее_,18
вяс,17
мух,17
еўс,17
нча,17
ьну,17
цір,17
амн,17
мяя,17
бат,17
пуж,17
пов,17
ымо,17
ўсм,17
туа,17
ыйн,17
маз,17
рды,17
рха,17
цна,17
ушч,17
хле,17
цуе,17
чыя,17
пло,17
элы,17
ішн,17
рво,17
мок,17
цян,17
убі,17
хов,17
бас,17
ві_,17
нго,17
соў,17
_лу,17
юр_,17
бст,17
эка,17
ьва,17
сая,17
лец,17
уец,17
мку,17
_зз,17
пір,17
есн,17
утэ,17
зых,17
_фу,17
ндл,17
бут,17
ёці,17
пеш,17
ісв,17
ягл,17
цып,17
рда,17
улы,17
дмі,17
_цю,17
рко,17
шыц,17
сып,17
мех,17
ёмы,17
нцу,17
эў_,17
цын,17
сно,17
ігі,17
выт,17
уйц,17
двя,17
_уч,17
уж_,17
хаю,17
луч,17
зет,16
ыбу,16
ерэ,16
ізм,16
_ес,16
няп,16
рмы,16
док,16
_зы,16
ьцы,16
еаб,16
ыех,16
бхо,16
еж_,16
ішк,16
яч_,16
жку,16
ерм,16
бяг,16
дыя,16
сіт,16
тэж,16
сор,16
воп,16
_и_,16
ыкн,16
блы,16
гаю,16
рул,16
дэт,16
_ўч,16
ерс,16
вун,16
млю,16
люн,16
інф,16
рто,16
уцэ,16
ыўн,16
мяс,16
ідв,16
рыё,16
слё,16
лёз,16
эцк,16
гід,16
_яз,16
іця,16
_ац,16
льт,16
шкл,16
хур,16
_пс,16
сів,16
яву,16
спл,16
ыт_,16
леа,16
тле,16
ысв,16
нфа,16
асч,16
іцт,16
эчн,16
цэ_,16
абд,16
еем,16
бім,16
йну,16
мпл,16
іро,16
омс,16
іме,16
ету,16
гаж,16
дмо,16
сюл,16
рць,16
кер,16
дыт,16
дтр,16
ашч,16
лёс,15
рту,15
іс_,15
обы,15
урд,15
пск,15
энс,15
осн,15
чыш,15
_аш,15
ысн,15
епс,15
зза,15
ісі,15
эрм,15
йва,15
ртк,15
ілк,15
ыём,15
дов,15
гіс,15
_е_,15
лае,15
бян,15
няз,15
ыса,15
цяч,15
тун,15
лаж,15
рпл,15
усю,15
амл,15
зьц,15
аін,15
фан,15
ісц,15
зяр,15
ном,15
чок,15
_ук,15
егі,15
рое,15
ум_,15
ямё,15
паж,15
лёв,15
увя,15
таз,15
нур,15
ужб,15
ыяв,15
эсн,15
ніі,15
аял,15
лба,15
уд_,15
няш,15
пку,15
чуж,15
ўцы,15
плё,15
чуш,15
ьбо,15
руп,15
жні,15
гіі,15
ынё,15
узы,15
оя_,15
цяц,15
упэ,15
рх_,15
мяк,15
дэр,15
_ір,15
ёз_,15
улю,15
піт,15
рхн,15
ясц,15
цыр,15
арч,15
ыхн,15
_цв,15
озе,15
вое,15
ыяк,15
інь,15
джв,15
оці,14
онц,14
мых,14
цыл,14
афа,14
_ер,14
іво,14
боў,14
унь,14
тэс,14
лот,14
нья,14
бві,14
зяв,14
ляй,14
бул,14
окн,14
нкн,14
оўц,14
мык,14
эчк,14
аіл,14
еям,14
оск,14
лох,14
ешл,14
_кс,14
кет,14
еан,14
ойк,14
гло,14
азя,14
ажо,14
дыг,14
яно,14
рдо,14
дыё,14
яжы,14
бі_,14
вёс,14
вуц,14
ёка,14
сне,14
усп,14
япр,14
ітк,14
пыл,14
шак,14
_сн,14
куч,14
етн,14
_ўт,14
_ед,14
кун,14
тыў,14
баю,14
аіў,14
дзю,14
пну,14
роп,14
рце,14
яц_,14
мяе,14
эма,14
озь,14
амс,14
уац,14
суч,14
унт,14
аке,14
ырк,14
уке,14
тэк,14
онв,14
яды,14
язд,14
асм,13
апк,13
рут,13
дпо,13
юч_,13
гая,13
мпе,13
лім,13
мод,13
ргу,13
уп_,13
сук,13
афр,13
вап,13
екі,13
_яц,13
жыя,13
епе,13
заз,13
фры,13
зіш,13
эк_,13
_ўг,13
іжа,13
йку,13
шыю,13
ішо,13
маж,13
коч,13
ытв,13
дбі,13
руз,13
ьяк,13
іно,13
хат,13
аі_,13
_жэ,13
дсу,13
ачв,13
ытр,13
ртв,13
одд,13
дая,13
_шл,13
цэр,13
ыме,13
пет,13
боч,13
хню,13
упя,13
цую,13
жор,13
ітн,13
тэа,13
ньц,13
бка,13
зях,13
яюс,13
чах,13
ікл,13
оўд,13
рбу,13
цны,13
ўпэ,13
шэй,13
зая,13
энц,13
ягу,13
пей,13
чуе,13
яя_,13
ахл,13
ўро,13
дту,13
озв,13
кву,13
оіл,13
даж,13
уле,13
ену,13
сём,13
ыхе,13
ўпа,13
туз,13
тыі,13
рпе,13
эат,13
нян,13
мун,13
чцы,13
ынн,13
бую,13
есв,13
шаф,13
пкі,13
бае,13
адэ,12
чую,12
чап,12
едк,12
ят_,12
анв,12
_ой,12
ксі,12
амё,12
ывя,12
сьм,12
ьве,12
вём,12
нег,12
тло,12
ачц,12
збу,12
ынс,12
ір_,12
_ню,12
міў,12
чко,12
жкі,12
еле,12
ярд,12
_яб,12
веш,12
еах,12
очк,12
умо,12
еўр,12
вен,12
джэ,12
ярж,12
бай,12
лоз,12
ыль,12
адц,12
ятн,12
воб,12
роя,12
лёп,12
юцы,12
эця,12
амб,12
анэ,12
удр,12
муд,12
ёпл,12
цёп,12
тно,12
руе,12
змр,12
_ср,12
ысі,12
ўцё,12
унд,12
гум,12
мёт,12
зее,12
асш,12
ўкл,12
ылк,12
ўзн,12
ндэ,12
мля,12
ерт,12
дыс,12
згл,12
ўбо,12
ьме,12
люц,12
шны,12
еша,12
злу,12
йла,12
ёта,12
учу,12
еро,12
обу,12
пка,12
ышэ,12
геа,12
ёмі,11
емр,11
шум,11
мым,11
кне,11
паю,11
ыск,11
мім,11
твы,11
пес,11
осе,11
зм_,11
ксп,11
хо_,11
юбл,11
тне,11
ыхі,11
егр,11
яю_,11
ожк,11
ёск,11
ўзб,11
сев,11
ібі,11
тэн,11
емц,11
ежу,11
зко,11
ібл,11
рдж,11
рыр,11
куе,11
яяў,11
аад,11
ядж,11
сча,11
ене,11
укл,11
біш,11
рно,11
біб,11
лыв,11
онд,11
ўца,11
дош,11
ётк,11
ўня,11
збе,11
імс,11
уем,11
ыр_,11
поб,11
цюх,11
алб,11
ёла,11
буй,11
ёва,11
ыпе,11
_ос,11
ыб_,11
якк,11
коя,11
ёк_,11
эмп,11
урк,11
осп,11
рою,11
лён,11
нжа,11
_ех,11
льч,11
рсц,11
цён,11
інж,11
мну,11
кту,11
_тл,11
іяй,11
ўзд,11
юры,11
ошч,11
кс_,11
хця,11
ацт,11
ть_,11
тэх,11
эхн,11
ытк,11
тый,11
две,11
ілу,11
мры,11
ржа,11
аяз,11
кен,11
няю,11
рэп,11
ійс,11
няб,11
ун_,11
тыц,11
ёрт,11
_шо,11
ючн,11
фа_,11
ьба,11
оч_,11
дга,11
нуе,10
узо,10
ыгн,10
гіт,10
кош,10
эбр,10
узб,10
гое,10
жая,10
пст,10
дуе,10
эля,10
зор,10
гер,10
олу,10
шух,10
наі,10
іцк,10
эйс,10
аед,10
няя,10
кок,10
ухе,10
ёвы,10
яса,10
узі,10
тып,10
мей,10
ьту,10
юну,10
бів,10
чут,10
ойц,10
ртм,10
здж,10
гут,10
члі,10
ніт,10
екц,10
вэр,10
нду,10
_ел,10
ўзл,10
ёзы,10
шас,10
упс,10
мсц,10
угу,10
ыгр,10
ойв,10
еян,10
ецт,10
ясу,10
асф,10
сае,10
амр,10
яло,10
упк,10
ымк,10
туц,10
ошк,10
міс,10
язі,10
емс,10
мцы,10
гах,10
цве,10
_ўя,10
ац_,10
пяс,10
еюц,10
ешк,10
язь,10
мэт,10
онт,10
рго,10
нсп,10
оіц,10
ціп,10
бшу,10
хун,10
гоч,10
ыбе,10
бме,10
жня,10
оце,10
пе_,10
_в_,10
нну,10
нве,10
сых,10
чоб,10
этк,10
жба,10
дэм,10
ямп,10
гог,10
ьшч,10
зыч,10
ўпр,10
аян,10
_ез,10
юхц,10
зду,10
оўч,10
луг,10
ыбо,10
уро,10
люш,10
ічк,10
узн,10
ыню,10
цвя,10
чых,10
зю_,10
аям,10
йфа,10
яюч,10
якр,10
іхі,9
еве,9
мст,9
дэк,9
ўгі,9
зёр,9
сіі,9
ьчы,9
оза,9
пів,9
жуй,9
ідк,9
нса,9
нус,9
вав,9
жав,9
яба,9
_мё,9
дле,9
заш,9
іня,9
_фл,9
_д_,9
ярк,9
пед,9
одр,9
ізэ,9
кле,9
міч,9
сас,9
опл,9
опн,9
ілб,9
нэ_,9
ід_,9
йф_,9
_мэ,9
ойм,9
езе,9
ззл,9
іял,9
іке,9
уцё,9
азз,9
пуг,9
олы,9
лош,9
тап,9
коп,9
ўго,9
бон,9
_дж,9
дпр,9
гуш,9
жно,9
ято,9
ько,9
жом,9
сек,9
эса,9
шва,9
эне,9
хаб,9
эсц,9
ойр,9
нож,9
хня,9
сію,9
тну,9
пут,9
ыбя,9
ядб,9
ячн,9
_ю_,9
нуч,9
ядн,9
руй,9
цэб,9
огл,9
піх,9
урс,9
урб,9
_гн,9
чод,9
яцы,9
шоп,9
пян,9
сёй,9
ясё,9
мва,9
льд,9
очв,9
фот,9
іву,9
яйц,9
этн,9
нід,9
іян,9
пяч,9
тот,9
іт_,9
зці,9
орг,9
удж,9
ьню,9
ўлю,9
яво,9
нюр,9
рня,9
пша,9
ьча,9
удэ,9
ярз,9
тфе,9
мск,9
ёлы,9
пог,9
зіт,9
уце,9
_уг,9
цім,9
езь,9
фіг,9
очу,9
ідр,9
айз,9
юбо,9
іцэ,9
сро,9
сух,9
топ,9
цеш,9
ашм,9
сёл,9
бор,9
лья,9
ртф,9
язв,8
нфе,8
мос,8
_іл,8
аню,8
суб,8
осв,8
мру,8
сах,8
абц,8
эжы,8
ўзр,8
эжа,8
зія,8
_чв,8
мял,8
уху,8
ктэ,8
фін,8
есу,8
ўк_,8
ызы,8
акш,8
зяю,8
бды,8
заа,8
_э_,8
нён,8
пых,8
рыю,8
эму,8
янс,8
жын,8
хла,8
_ай,8
ымн,8
язе,8
бое,8
ігр,8
мяж,8
зыг,8
ндз,8
урт,8
ыпы,8
едв,8
бен,8
сьб,8
чвэ,8
ьбу,8
_шн,8
дуж,8
_шв,8
нсе,8
енф,8
энд,8
кш_,8
саю,8
лёц,8
сцэ,8
еву,8
дсл,8
юбу,8
шаб,8
чо_,8
іве,8
меж,8
яеш,8
кіч,8
цьс,8
езу,8
інц,8
рчы,8
_iп,8
боц,8
нк_,8
няч,8
ысю,8
_ав,8
ого,8
сыт,8
лок,8
лык,8
вей,8
яўж,8
убе,8
ўдр,8
жну,8
іпл,8
ачо,8
ечв,8
чом,8
дыц,8
фу_,8
ірт,8
імн,8
рве,8
ыяд,8
жым,8
шэп,8
шац,8
жых,8
йзд,8
лын,8
лар,8
еск,8
хор,8
умв,8
чуп,8
срэ,8
осу,8
цэз,8
езв,8
ыжа,8
езц,8
айч,8
мбі,8
вез,8
агэ,8
обк,8
паа,8
ктр,8
цяў,8
орл,8
якл,8
брэ,8
іжк,8
сія,8
хне,8
умы,8
ржу,8
_юц,8
орв,8
урж,8
язы,8
ьне,8
іц_,8
пня,8
ёрд,8
узк,8
укт,8
шыб,8
вум,8
эпу,8
луз,8
дпу,8
іпе,8
рпу,8
_от,8
еад,8
вож,8
луб,8
мо_,8
шык,8
дсо,8
ызе,8
цыв,8
ісу,8
ып_,8
тню,8
как,8
цеж,8
аап,8
ье_,8
днё,7
рэа,7
эбы,7
ро_,7
няк,7
ное,7
ыжы,7
рчз,7
куш,7
обл,7
чза,7
трх,7
елю,7
яўн,7
рэг,7
муц,7
уйн,7
ягі,7
одш,7
тод,7
худ,7
оз_,7
обш,7
омл,7
вёз,7
дме,7
мрэ,7
лір,7
ків,7
ччу,7
муз,7
ушэ,7
одч,7
сат,7
пту,7
кіе,7
ужэ,7
нуш,7
зры,7
нёй,7
ною,7
зіі,7
ёне,7
ргн,7
_хе,7
рсе,7
яр_,7
яця,7
нёв,7
іпу,7
айп,7
лыў,7
сір,7
чне,7
ымс,7
дыд,7
ньс,7
ожч,7
юга,7
ябо,7
тня,7
нню,7
вут,7
хту,7
яке,7
фіз,7
цуз,7
ірг,7
тум,7
сфе,7
ыдк,7
ўяў,7
оен,7
вур,7
юлі,7
фіц,7
дсю,7
одс,7
ёмк,7
ярб,7
злы,7
гні,7
лую,7
_эс,7
пцу,7
лія,7
_хм,7
кою,7
_ач,7
пэт,7
зон,7
ысм,7
гом,7
шах,7
адш,7
шэф,7
сіб,7
ежк,7
шур,7
мыч,7
еюч,7
эск,7
ячу,7
езл,7
тын,7
дук,7
пух,7
ани,7
ург,7
азё,7
шар,7
хлі,7
шля,7
бух,7
йме,7
орч,7
бун,7
зіс,7
йшу,7
мшч,7
юбы,7
эх_,7
ёнк,7
тыв,7
сму,7
ашл,7
мут,7
урх,7
атв,7
ухм,7
ов_,7
ьта,7
яве,7
туч,7
кка,7
энк,7
_iн,7
йра,7
цаг,7
дую,7
сея,7
_ем,7
цят,7
ітв,7
лел,7
длы,7
яўш,7
фік,7
нд_,7
туе,7
оіў,7
фут,7
вуз,7
пуб,7
ўчо,7
усу,7
ньб,7
зае,7
_ут,7
еал,7
цуй,7
ухі,7
юта,7
ыёт,7
уза,7
іху,7
шэр,7
шул,7
аўм,7
шлю,7
ьдз,7
цьд,7
куй,7
йца,7
лё_,7
ізу,7
цые,7
соф,7
яхо,7
бду,7
дсе,7
ьмо,7
уво,7
ябл,7
фас,7
ере,7
эце,7
ял_,7
ўчк,7
эня,7
унг,7
ыбл,7
кее,7
саг,7
шаю,6
плу,6
ааб,6
учв,6
орд,6
жэс,6
тэг,6
окр,6
фля,6
удд,6
кел,6
ясм,6
чоў,6
уг_,6
айв,6
ядл,6
ўсп,6
жун,6
псу,6
одп,6
ыл_,6
йда,6
ішс,6
дзы,6
айт,6
шэс,6
цэй,6
ыяў,6
хот,6
сшп,6
згр,6
ожу,6
ажв,6
хра,6
лун,6
пях,6
юшч,6
iпа,6
цял,6
ршу,6
ждж,6
экл,6
орб,6
ымр,6
жуч,6
сяй,6
іло,6
луе,6
сыш,6
ерп,6
лук,6
габ,6
бус,6
усь,6
гіч,6
ьст,6
эзк,6
воў,6
цат,6
юю_,6
зму,6
ытэ,6
ыпо,6
рк_,6
сшк,6
аяк,6
ркв,6
ыза,6
бад,6
_мр,6
дкл,6
акв,6
об_,6
йгр,6
цыд,6
чэп,6
бкр,6
ьле,6
звю,6
ўшч,6
усл,6
рдл,6
ёнт,6
сшы,6
цьл,6
мол,6
омш,6
іхв,6
ыян,6
едл,6
хмя,6
аев,6
баі,6
ішт,6
дет,6
ців,6
ўці,6
вір,6
чаі,6
лее,6
нкр,6
цьм,6
пру,6
_из,6
хму,6
_яй,6
нэл,6
блу,6
ўпл,6
дуй,6
цьб,6
эзі,6
зід,6
тву,6
ацн,6
бія,6
цне,6
лій,6
фе_,6
едс,6
нех,6
іф_,6
апх,6
ўру,6
эны,6
анф,6
ушу,6
бск,6
ёп_,6
дып,6
мяц,6
япа,6
вяш,6
асх,6
эр_,6
абш,6
сіс,6
раа,6
нсу,6
ешч,6
эал,6
ікв,6
ісп,6
зле,6
кза,6
_ух,6
доп,6
вян,6
ьсо,6
мсі,6
_уя,6
муч,6
хіс,6
_нё,6
аен,6
бах,6
флі,6
узр,6
дыі,6
оля,6
аср,6
_эт,6
іг_,6
уаз,6
язр,6
ляз,6
фія,6
экз,6
суж,6
суц,6
йне,6
нс_,6
рча,6
мяю,6
_iя,6
нук,6
тся,5
тцы,5
ўрэ,5
орц,5
ссм,5
нг_,5
рзо,5
ршч,5
зот,5
аэт,5
паэ,5
вые,5
кце,5
ия_,5
квы,5
жоў,5
кны,5
ужу,5
ело,5
ех_,5
хля,5
туй,5
_юс,5
кпі,5
_эх,5
рдэ,5
туі,5
упц,5
ред,5
цюл,5
тел,5
уіц,5
ьшт,5
цце,5
ылу,5
зіх,5
чес,5
пча,5
рпа,5
еўш,5
мпу,5
ясо,5
цяй,5
сть,5
очч,5
ннё,5
жэр,5
цяя,5
вів,5
імб,5
ёг_,5
каа,5
схі,5
збы,5
эш_,5
таж,5
мбе,5
даш,5
опу,5
ыям,5
ыпн,5
ршк,5
ьдэ,5
тыю,5
экі,5
гіп,5
эцц,5
іпн,5
рса,5
зят,5
ызу,5
ісю,5
йпр,5
ліі,5
упу,5
баз,5
тлы,5
дмя,5
аф_,5
іе_,5
ўню,5
мул,5
_ят,5
одв,5
цід,5
арф,5
зіе,5
iне,5
злё,5
пхн,5
зцы,5
зыў,5
абг,5
кот,5
цыц,5
нюю,5
ыцэ,5
ўсц,5
опч,5
ншу,5
кій,5
еме,5
жую,5
яху,5
йлі,5
зэр,5
ойл,5
мпэ,5
тог,5
укц,5
ссе,5
оўш,5
_гв,5
тух,5
сіг,5
ацё,5
пее,5
гік,5
оўл,5
сэн,5
урв,5
эпк,5
стл,5
эбі,5
дця,5
ій_,5
ігл,5
яжэ,5
ыкм,5
ркн,5
енд,5
_гм,5
бвя,5
сфа,5
ожд,5
нюг,5
дож,5
тчы,5
быш,5
дэл,5
бну,5
лой,5
уэт,5
сеі,5
ўзв,5
туэ,5
юбя,5
еге,5
гаг,5
уйс,5
гню,5
ёту,5
жуа,5
оўз,5
эга,5
псі,5
эну,5
пая,5
іев,5
удл,5
эфа,5
рле,5
шцы,5
афо,5
пур,5
мпр,5
еб_,5
жуд,5
дшы,5
соч,5
шуф,5
бом,5
неж,5
пяк,5
эпт,5
уфл,5
язз,5
ззб,5
эгу,5
хе_,5
мем,5
вім,5
сст,5
туш,5
наа,5
быд,5
_пт,5
жне,5
ож_,5
язу,5
моч,5
оўп,5
мсь,5
оўе,5
пуш,5
ясш,5
маб,5
ўса,5
іге,5
люк,5
нза,5
ўе_,5
бкл,5
_ф_,5
бкі,5
ыз_,5
счы,5
ьян,5
_iт,5
куц,5
орп,5
муў,5
беж,5
азк,5
ыяз,5
сцв,5
дыч,5
эгл,5
хол,5
_ог,5
цак,5
пі_,5
ыды,5
шок,5
жус,5
кня,5
лда,5
вов,5
шып,5
тэц,5
ычл,5
лаш,5
зею,5
узс,5
офі,5
йцы,5
зск,5
тга,5
аўп,5
хой,5
чая,5
атм,5
жос,5
гак,5
адх,5
бяд,5
туг,5
люй,5
ыцк,5
аўр,4
усх,4
гм_,4
яшо,4
арп,4
ймі,4
бмі,4
цьз,4
цьч,4
мню,4
ккі,4
рыа,4
бга,4
уюс,4
едж,4
_ів,4
хон,4
кіз,4
орф,4
ргв,4
узл,4
яту,4
пул,4
еаф,4
міг,4
поп,4
жач,4
шлё,4
екл,4
мба,4
эпч,4
ацю,4
гую,4
шэл,4
мёк,4
угл,4
лоц,4
ясі,4
інз,4
дшт,4
бцы,4
кчэ,4
інг,4
двё,4
езг,4
сул,4
эцы,4
унё,4
ужн,4
озы,4
укв,4
аяс,4
фам,4
усв,4
міі,4
шт_,4
_еш,4
оўж,4
хас,4
афу,4
_эр,4
льз,4
ўты,4
бмя,4
удк,4
аас,4
омб,4
__й,4
ркс,4
узе,4
дці,4
рзе,4
_яр,4
эць,4
іяц,4
_із,4
эды,4
энз,4
пех,4
ес_,4
уш_,4
ісл,4
рмс,4
енз,4
гэл,4
эдж,4
ыдл,4
учэ,4
цье,4
чав,4
мыц,4
ко_,4
іцё,4
мко,4
хна,4
рор,4
ске,4
еек,4
фур,4
дэч,4
_кп,4
рти,4
из_,4
ии_,4
ени,4
йтк,4
хах,4
ўко,4
ўмо,4
ытл,4
іпц,4
дбя,4
ўпу,4
ызм,4
дэс,4
шыт,4
ццю,4
жце,4
луш,4
яём,4
ите,4
цэг,4
ёпн,4
убу,4
цёг,4
ёгн,4
чох,4
нчо,4
юве,4
_юв,4
юкс,4
акз,4
ырм,4
зэл,4
ярх,4
рсн,4
ючэ,4
віх,4
іпы,4
ают,4
ашо,4
ти_,4
ния,4
ісо,4
нчв,4
нуд,4
ют_,4
йсн,4
быч,4
опк,4
суе,4
ьяр,4
алп,4
тля,4
дцы,4
эшс,4
цяе,4
нош,4
шач,4
язя,4
угр,4
ыйг,4
ужк,4
яйс,4
іля,4
_ўх,4
рыу,4
фун,4
бос,4
эша,4
ьге,4
жыт,4
_эм,4
ікт,4
рс_,4
_бю,4
схр,4
дж_,4
зыр,4
пуз,4
_ох,4
бяж,4
пок,4
ыё_,4
уде,4
эро,4
ейб,4
йба,4
умя,4
бця,4
поч,4
зух,4
аюз,4
вуг,4
ўзе,4
кме,4
буз,4
ёты,4
іён,4
піё,4
уяв,4
бет,4
ыпк,4
лоч,4
ёрц,4
ялё,4
ымё,4
зуц,4
бук,4
сют,4
ксю,4
юша,4
алд,4
окц,4
цец,4
біс,4
коз,4
нкц,4
ція,4
_нэ,4
нгу,4
юка,4
цюк,4
_де,4
лбе,4
екс,4
мяў,4
яцё,4
пса,4
эна,4
асю,4
ыж_,4
_ём,4
лёл,4
вяж,4
зун,4
іхе,4
хен,4
уту,4
ние,4
ёл_,4
пчы,4
сет,4
онс,4
гст,4
нгс,4
мп_,4
окт,4
сэм,4
ьня,4
шмо,4
ллю,4
тыл,4
зер,4
ўз_,4
няё,4
упы,4
цяю,4
сяе,4
ўце,4
ашп,4
нём,4
еху,4
ўсл,4
ееў,4
ньё,4
дох,4
ўдж,4
юма,4
кці,4
заю,4
ньч,4
ехт,4
заі,4
ыят,4
нон,4
мук,4
гку,4
юру,4
ягч,4
юх_,4
чыв,4
бых,4
рсі,4
дгл,4
счу,4
ёву,4
яхн,4
шуч,4
гчэ,4
гов,4
шке,4
чач,4
ліб,4
ўжэ,4
рэх,4
нцо,4
мёў,4
_ль,4
гаі,4
ышу,4
рсы,4
ўзо,4
вог,4
цьт,4
_к_,4
эсп,4
_iс,4
збл,4
куг,4
зой,4
йдр,4
мня,4
ымы,4
жов,4
ьбы,4
эі_,4
бне,4
ьсі,3
іфі,3
юк_,3
лга,3
ыус,3
іню,3
рсу,3
аеў,3
_ць,3
аўа,3
нюк,3
воц,3
змі,3
омі,3
вяк,3
ўчу,3
ыгі,3
дса,3
ісе,3
ўжы,3
_эш,3
зяй,3
ояў,3
ёмс,3
рыф,3
чуй,3
емк,3
яеч,3
сод,3
саф,3
длю,3
бва,3
__ы,3
ёрс,3
змн,3
ўма,3
цьн,3
кзе,3
нфу,3
эмі,3
пон,3
анл,3
нлі,3
чце,3
_iв,3
ксу,3
бяч,3
япо,3
дэі,3
соп,3
нію,3
оке,3
йня,3
муа,3
нга,3
уяў,3
соц,3
ялы,3
ыкв,3
чча,3
ыях,3
ерб,3
тыг,3
емп,3
выж,3
ужл,3
йвы,3
рвы,3
яшм,3
ыцу,3
эсу,3
дыв,3
ярц,3
імы,3
бей,3
ньв,3
_г_,3
сіф,3
уал,3
зля,3
леі,3
фай,3
нзе,3
ешы,3
охн,3
тыз,3
этэ,3
оўя,3
хда,3
ухд,3
аан,3
ўхі,3
бох,3
фы_,3
ній,3
есч,3
бсл,3
цаю,3
фум,3
гкі,3
удв,3
рфу,3
дэа,3
онш,3
_юш,3
анз,3
лье,3
ето,3
яг_,3
рсп,3
йсе,3
цэс,3
ізц,3
емл,3
_зе,3
аар,3
обе,3
хом,3
ссу,3
ысе,3
лём,3
ухв,3
ртн,3
ахм,3
іпс,3
мца,3
гій,3
рду,3
её_,3
уіс,3
_юб,3
іем,3
дус,3
кед,3
іму,3
охв,3
згі,3
іяг,3
ягр,3
_р_,3
фію,3
аўб,3
дув,3
мбы,3
уто,3
жнё,3
ься,3
ўтв,3
нкв,3
цом,3
_нк,3
атч,3
_сс,3
жму,3
ўсх,3
вюм,3
ачл,3
ібе,3
нсі,3
ўкр,3
__h,3
ибу,3
либ,3
фли,3
взя,3
_вз,3
жат,3
рэю,3
цёл,3
тбо,3
бап,3
утб,3
ючо,3
_ш_,3
