а__,15483
о__,14293
е__,13243
__п,13224
и__,13220
__с,11582
__н,11400
я__,10125
__в,9831
ь__,8062
__о,7457
__и,7432
__к,6890
__д,6845
_по,6505
__м,6419
й__,5791
м__,5783
__т,5751
_и_,4742
л__,4659
_на,4615
у__,4548
в__,4412
_пр,4410
не_,4226
_не,4186
ла_,4107
__б,4078
__з,3956
ы__,3539
на_,3480
но_,3477
__у,3411
т__,3270
__р,3204
__г,3166
к__,3118
__ч,3103
то_,3092
__я,3056
ть_,2993
_в_,2960
_я_,2803
_за,2790
го_,2789
сь_,2758
ой_,2677
ся_,2538
н__,2474
__е,2390
ом_,2380
х__,2367
_ко,2356
ли_,2284
__л,2283
с__,2169
__а,2099
ю__,2051
_де,2046
про,2003
_ка,1971
ост,1934
что,1932
_он,1916
_чт,1911
ала,1894
при,1892
_до,1833
_то,1779
_ме,1765
дел,1687
_от,1687
ал_,1655
его,1640
да_,1633
ста,1614
_ра,1589
_мо,1583
__э,1553
_но,1524
енн,1517
ми_,1488
мен,1482
_во,1461
_ст,1454
ать,1438
__ж,1418
_бы,1405
_с_,1401
_со,1396
ело,1396
он_,1369
ого,1360
ени,1358
вал,1337
ак_,1328
нул,1328
_го,1319
ила,1309
лас,1298
оль,1272
ем_,1259
под,1248
оне,1238
ая_,1225
_сл,1217
лся,1217
д__,1206
ей_,1200
оро,1197
з__,1188
ил_,1181
сто,1179
_вс,1179
как,1174
ет_,1161
лон,1151
_об,1149
ова,1147
_вы,1145
ка_,1143
ере,1133
ие_,1122
вер,1113
ый_,1112
же_,1105
ась,1103
_св,1103
_те,1080
_из,1079
нно,1067
ств,1066
ня_,1041
али,1040
ло_,1039
_эт,1033
ото,1033
тел,1032
пос,1028
оло,1017
__х,1008
раз,1007
_та,995
еня,992
_се,992
тор,990
ест,987
ово,962
му_,961
лов,954
аза,942
пер,939
за_,939
_мн,934
лен,919
_ни,916
был,904
ель,901
от_,901
рас,897
_пе,894
льн,893
это,863
зна,860
ред,858
ить,857
_ег,856
ник,848
пре,846
ко_,845
ки_,845
_а_,845
сле,843
или,840
ела,838
стр,838
ые_,837
лис,836
все,836
бы_,830
ска,827
ое_,816
сти,816
ние,814
_ск,811
аль,810
тал,798
ели,797
лос,793
их_,789
нны,786
ее_,784
ти_,783
рос,781
ты_,781
_да,781
р__,778
ком,778
ни_,777
_бо,774
так,770
ами,768
ной,764
каз,760
дом,759
ись,757
_кр,756
ани,753
_ве,752
ку_,749
ско,745
гда,744
мне,744
одн,739
ног,738
гла,728
аст,727
осл,725
сво,724
ым_,720
ль_,716
тре,716
ров,711
ког,707
ия_,707
сть,696
_че,695
из_,691
ов_,689
_ма,683
_к_,679
_же,678
по_,675
том,669
вор,662
им_,662
пок,661
она,660
ую_,658
тил,657
_сп,657
ове,655
тол,655
огд,653
_хо,651
сил,649
ным,649
пол,644
_гл,643
нов,641
__ш,639
ел_,638
ный,629
тво,628
тве,627
_ли,625
ива,624
зал,623
ите,621
ах_,608
ам_,607
ако,597
оди,596
_бе,588
ало,588
ва_,583
_ру,578
ерн,578
во_,574
тав,572
кой,566
_ос,566
ий_,563
ват,560
ния,558
ра_,555
вил,551
_од,551
ави,547
льк,547
ула,547
вет,547
дал,544
кот,544
рав,541
слу,540
_ты,539
жен,539
де_,537
ых_,537
кол,536
ься,531
бра,526
ока,525
ему,524
ля_,521
_дв,519
вид,516
_зн,515
та_,515
нос,513
ыва,508
нас,506
кон,504
гол,503
род,501
_ми,500
_ал,497
шь_,497
рин,496
се_,489
ина,488
обы,487
ось,486
кор,486
_тр,484
ные,481
ьно,480
ин_,480
тьс,477
ько,476
ул_,475
жал,475
_ис,474
мно,472
дно,471
чал,471
сло,470
пра,469
вол,469
ило,469
_др,467
анн,467
лед,465
те_,464
ик_,463
оже,460
они,457
иде,457
лку,456
рук,455
тся,454
алк,453
руг,453
мел,451
илс,450
асс,450
уст,448
обр,444
_ви,443
ико,443
г__,441
вое,440
ден,440
оче,437
_па,437
ним,437
_ку,435
оле,433
_са,432
тер,432
дов,431
тра,431
сте,429
бол,427
_мы,426
_ус,425
гля,421
мал,421
__ф,421
_см,420
вен,420
ном,419
ром,419
_у_,417
ому,417
дру,417
_бу,417
ну_,416
анд,416
воз,416
куи,415
пот,414
_вз,414
_пл,414
ень,412
спо,411
гов,411
отр,411
уин,411
уже,409
_ро,407
еди,406
сли,406
одо,405
тоб,404
мы_,402
_ле,400
чно,400
ии_,400
ен_,400
чен,399
еле,396
нес,394
алс,392
тро,392
ран,391
пом,390
ду_,390
аже,388
ови,388
ца_,388
чер,386
ебя,383
чем,382
вой,382
нь_,382
лаз,380
_му,378
гор,378
ате,378
дер,377
теб,377
ны_,376
соб,376
ети,376
ика,376
чит,375
сам,374
мое,374
_ее,372
_ду,371
сно,370
_о_,370
дол,369
бя_,368
вст,368
оси,365
до_,363
есл,362
ас_,362
дет,362
зам,362
_лю,362
вно,358
ает,357
нет,357
ори,356
иса,355
омн,354
ход,354
_ес,354
ше_,354
_ре,353
ыло,352
тан,352
ода,350
рем,350
тно,350
_ва,348
кра,346
ок_,346
ист,346
ешь,343
кам,342
нач,342
обо,342
сан,341
ков,340
ц__,340
кал,340
_су,339
дин,339
око,338
дил,338
жно,338
ще_,337
ных,337
ора,336
ски,335
нял,334
оры,334
вши,333
ит_,332
мер,332
лад,332
инт,331
нак,330
рол,330
пал,330
_ту,330
орд,329
рил,328
ыми,328
нал,328
ная,328
со_,327
ляд,327
нил,326
мот,326
_уд,326
ью_,326
етс,325
дос,325
рат,324
мил,323
льш,322
хот,322
_дл,322
ди_,321
ино,321
ри_,321
има,320
_ан,320
ке_,320
_ул,320
ину,320
аме,320
ати,319
рев,319
ума,319
_уж,319
_ла,317
__ц,317
ле_,315
пус,315
кро,315
ебе,315
_им,314
вел,313
_гр,313
рен,312
изн,312
тог,312
ма_,311
яла,310
смо,310
буд,310
сме,309
ное,306
_си,306
дев,306
вит,306
_ги,305
од_,305
_бл,305
учи,304
пов,304
лив,303
аго,301
оду,301
люб,300
ту_,299
гос,298
сла,297
отв,297
дум,296
вои,296
рес,296
над,295
ожи,293
дра,293
еще,293
ева,292
час,291
ыл_,289
бе_,289
мог,288
лет,288
кры,287
мой,287
зат,287
ена,287
лор,287
ома,286
ита,286
ама,286
рик,286
_оп,284
рну,284
ери,283
рад,283
ава,283
лиц,283
луч,283
ыла,282
авн,281
све,281
доб,281
уда,281
мож,278
ван,278
опр,277
сту,277
_сн,276
аю_,275
вая,275
_ло,274
нам,274
_бр,272
вни,271
нем,270
рал,270
нут,270
для,269
ара,269
вы_,268
вин,268
яну,268
рел,268
вос,267
рив,267
пор,267
иль,265
пле,264
ача,264
обе,264
омо,263
ер_,263
рот,262
тем,262
ную,262
_вр,261
рош,259
тов,259
едо,258
дво,258
поз,258
дит,257
кто,257
без,257
вле,257
сем,257
ды_,257
огл,256
той,256
име,256
инц,255
ои_,255
ив_,255
але,254
ете,254
лож,254
ре_,253
лаг,253
щен,252
отк,252
_ещ,250
ерж,250
чил,248
иск,248
ьше,248
бла,247
зап,247
оре,246
вре,246
спр,246
вед,245
_жи,245
поч,245
рон,245
оте,245
аз_,245
мат,244
ять,244
себ,244
вес,244
оме,243
ими,243
ял_,242
ада,242
адо,242
_ув,241
еск,241
мол,240
зак,239
иво,239
ноч,238
сов,238
оей,237
ец_,237
кру,236
жил,236
луж,236
тот,235
тоя,235
сор,235
рет,235
ушк,235
аве,235
ожн,235
оли,235
рез,234
аци,234
аск,234
ги_,232
год,231
рои,231
ающ,231
ро_,231
_ба,231
ез_,231
ана,231
улс,230
бро,229
тат,229
нап,229
чи_,228
очи,227
ниц,227
_оч,227
гра,226
рис,226
мах,226
три,226
тит,225
олн,224
шел,224
дав,224
ор_,224
ием,223
нев,223
лав,223
нав,222
аде,222
вар,222
нат,222
усо,221
шка,221
_пу,221
ожа,221
рд_,221
жос,220
ющи,220
улы,220
лыб,220
пла,220
оше,220
авл,219
_жо,219
осо,219
дня,218
кну,218
рит,218
лиш,218
уча,217
отя,217
сел,217
_тв,217
ман,217
жде,216
_вн,216
ужи,216
даж,216
мет,215
_ок,215
хну,214
рог,214
ней,214
зад,213
емн,213
наш,213
асн,212
едр,212
лот,212
иче,212
лег,212
тар,212
рно,211
згл,211
нен,211
дар,211
каж,211
ерь,211
ясь,211
пон,211
ари,210
мои,210
ерв,210
уть,210
дат,209
ане,209
точ,209
дуэ,209
заб,209
там,208
овн,208
вод,208
ут_,208
_ем,207
ьны,207
шен,206
иан,206
жел,206
нее,206
нда,205
охо,205
мус,204
кас,204
са_,204
нег,203
щик,202
дь_,202
олу,201
оде,201
ою_,201
едн,201
уго,201
ай_,200
амо,200
лил,200
сер,199
_ша,199
аки,199
рож,199
сег,198
стн,198
мя_,197
ога,197
це_,196
реб,196
еме,194
овы,194
ука,193
чес,193
ано,192
нии,192
скр,192
орщ,192
цы_,192
ира,192
кос,191
ру_,191
дни,191
очн,191
мес,191
ким,190
аро,190
еча,190
рщи,189
ида,189
ию_,189
люд,189
ажд,188
_ин,188
ве_,188
оег,188
нич,187
_д_,187
жив,187
еву,187
ряд,187
ишь,187
шал,187
еть,186
уди,185
ета,185
_ше,185
пар,185
зан,185
лан,184
оск,183
окр,183
тью,183
вов,183
поп,183
вуш,182
обн,182
_эл,182
ед_,182
ев_,181
пыт,181
_фе,181
кло,181
_кт,181
зве,180
нст,180
осп,179
асп,178
_уч,178
ато,178
аеш,178
цин,178
тви,178
ули,178
_ки,177
иац,177
ерт,177
_це,177
ар_,177
аше,177
тя_,177
_зе,176
нит,176
лод,175
ыша,175
еде,175
рой,175
жит,175
тны,175
ади,175
гиа,175
бод,174
_эс,174
_ум,174
ине,174
ями,174
слы,173
дан,172
туп,172
фед,172
сси,172
зав,172
ица,172
спи,172
ивш,172
спе,172
ме_,172
_вп,171
лат,171
тст,170
анг,170
ече,170
льд,170
ака,170
пло,169
вля,169
бес,169
лыш,169
ечн,169
_чу,168
ссо,168
сом,168
олг,168
ежд,167
уг_,167
иэл,167
нт_,167
риз,167
_ча,167
ота,167
нца,166
рок,166
пил,165
опа,165
_их,165
_ти,165
мас,165
ек_,165
жда,165
зас,164
пит,164
чин,164
ево,164
бор,163
озв,163
ье_,163
кре,163
уде,163
нна,163
_ср,163
еда,162
взг,162
чег,162
уме,162
удо,162
спа,162
бой,162
мин,162
ачи,161
тен,161
мор,161
аси,161
лом,160
свя,160
_кл,160
тва,159
ене,159
ав_,159
рый,159
ено,158
ос_,158
дст,158
аам,158
азв,158
пож,158
инс,158
наа,158
чь_,157
две,157
бле,157
едл,157
аши,157
га_,157
авш,156
_зо,156
аяс,155
уче,155
кая,155
_ед,155
акт,155
роб,155
оти,154
уга,154
руж,154
шис,154
оим,153
див,153
ини,152
бел,152
пря,152
ех_,151
ики,151
яще,151
озн,151
_лу,151
цел,151
уа_,151
выс,150
тих,150
тив,150
осв,150
теп,150
ют_,150
олж,150
_уз,150
отн,150
осе,149
азд,149
гро,149
где,149
тян,149
б__,149
нар,149
есь,148
чив,148
рь_,148
ог_,148
ент,147
оиз,147
вот,147
бер,146
луа,146
ад_,146
азу,145
ржа,145
ний,145
уки,145
элу,145
ыли,145
льс,145
гу_,145
ску,144
бли,144
оня,144
лес,144
лев,144
_гд,144
пел,144
нце,144
_ге,144
нни,144
дей,144
уар,143
чет,143
жет,143
ву_,143
кив,143
иза,142
лю_,142
нец,142
кий,142
ошл,142
нув,142
льц,141
леч,141
дор,141
еду,141
_ил,141
гал,141
сол,141
лиа,141
тру,140
иро,140
аче,140
оги,140
оба,140
лял,140
реп,140
очь,140
эсс,139
игр,139
оби,139
ивы,139
веч,139
гру,139
ице,139
ыта,138
оря,138
зне,138
кла,138
хва,138
осм,138
кие,138
оем,137
мни,137
нят,137
едс,137
упи,137
кур,137
ж__,137
лич,137
оих,136
еро,136
шко,136
_сд,136
окл,136
спу,136
исп,136
пут,136
ыст,136
реж,136
кое,135
ола,135
ваю,135
апр,135
лян,135
_ог,134
емя,134
обл,134
уку,134
ору,134
наз,134
два,134
ерц,133
неп,133
чны,133
гом,133
оми,133
ях_,133
еля,133
лик,132
вып,132
вый,132
аре,132
ожд,132
дес,132
зыв,131
дви,131
неч,130
ких,130
дны,130
еве,130
ают,130
туа,130
ичн,130
рек,130
нед,129
пис,129
ера,129
кар,129
епе,129
ан_,129
имо,129
нае,129
шей,129
озм,129
дне,129
ата,128
вск,128
лин,128
есн,128
вну,128
гер,128
суд,128
отп,127
ядо,127
ысл,127
кус,127
цен,127
сей,127
юбо,127
раж,126
анс,126
ежн,126
лей,126
ихо,126
эти,126
меч,126
итс,126
ви_,125
уви,125
чат,125
змо,125
ры_,125
зу_,125
пас,125
мир,125
оно,124
_уб,124
тка,124
_уг,124
удь,124
дя_,124
лу_,123
овь,123
або,123
пин,123
очк,123
сы_,123
опу,123
зва,123
рцо,122
ову,122
бок,122
сес,122
лез,122
рны,122
мыс,122
кри,122
ьст,122
бар,121
кин,121
чик,121
гну,120
дро,120
жес,120
зем,120
егк,120
_пи,120
олк,120
мон,120
шла,120
еши,119
апо,119
азы,119
сде,119
аты,119
рим,119
азо,118
зде,118
уса,118
яли,118
еко,118
скл,118
_уп,117
пог,117
арк,117
емл,117
изв,117
стя,117
мо_,117
вом,116
реш,116
мом,116
усл,116
ятн,116
кан,116
жиз,116
быт,116
реч,116
ицо,116
зов,115
_иг,115
вше,115
иве,115
сты,115
тин,115
муж,115
чел,115
уэн,115
рыл,114
осы,114
гел,114
йст,114
клю,114
зво,114
юще,114
нел,114
дог,114
нск,114
хор,113
дна,113
оя_,113
иня,113
ека,113
рыв,113
щий,113
сви,112
оса,112
атн,112
тни,112
кач,112
гад,112
цу_,112
очт,112
вто,112
уше,112
яде,111
бов,111
рия,111
уши,111
вае,111
_ну,111
ишк,111
вым,111
луш,111
онч,111
ках,111
еси,110
ивн,110
ток,110
_ук,110
увс,110
тут,110
езн,110
нге,110
кат,110
ены,110
огу,110
оля,110
лит,109
цог,109
наю,109
вь_,109
взя,109
риг,109
цве,109
чув,109
сос,109
поб,108
етт,108
_ут,108
юда,108
нте,108
зни,108
еха,108
бну,108
уве,108
сид,108
хо_,108
мна,107
ага,107
ялс,107
ойн,107
ят_,107
ган,107
авд,107
ант,107
вые,107
есе,107
бил,107
сре,106
наб,106
ажи,106
вам,106
_пы,106
вящ,105
еся,105
олч,105
оце,105
_га,105
рая,105
овс,105
ежа,105
_вд,105
лек,105
ащи,105
луб,105
куд,104
уще,104
заг,104
тей,104
еял,104
сну,104
__щ,104
бир,104
дон,104
хал,104
узн,104
шил,104
озд,103
руд,103
рич,103
сит,103
_гу,103
едв,103
раб,103
вра,103
вою,103
оки,103
жид,103
азн,103
дам,103
гот,103
тус,103
цат,103
тки,103
ья_,102
ч__,102
афи,102
воп,102
сен,102
здо,102
век,102
хра,102
жду,101
ийс,101
нан,101
ткр,101
тли,101
выд,101
ерд,101
рое,101
осн,100
жны,100
нта,100
азг,100
щал,100
ши_,100
_дн,100
анц,100
глу,100
дли,99
лал,99
тон,99
огр,99
льз,99
жу_,99
еща,99
цо_,99
ха_,99
уро,99
_жа,99
онн,99
инн,99
чу_,99
ейс,98
оял,98
сне,98
абл,98
нию,98
шах,98
них,98
душ,98
ат_,97
ес_,97
аду,97
яд_,97
тву,97
сед,97
уги,97
зно,97
жат,97
ины,97
_ак,96
аем,96
люч,96
урс,96
зил,96
епл,96
лго,96
сст,96
рые,96
пох,96
нчи,95
ращ,95
ящи,95
шим,95
аво,95
тым,95
наф,95
неу,95
орн,95
кту,94
ази,94
еза,94
ыбн,94
обс,94
сни,94
щие,94
чти,94
дыв,94
сок,94
акр,94
хоч,94
фиэ,94
рвы,94
об_,94
рег,94
щим,94
опы,94
дох,93
ицы,93
ерк,93
уша,93
жды,93
арт,93
ыть,93
ьни,93
гон,93
вис,93
вяз,93
зол,93
бав,93
нве,93
пят,93
мар,93
эйн,92
_ид,92
шег,92
_вл,92
есс,92
йся,92
едь,92
рям,92
уби,92
лча,92
бот,92
уэй,92
орм,92
ших,91
ьон,91
быс,91
амы,91
лем,91
сал,91
льо,91
орг,91
блю,91
рам,91
меш,91
сск,91
_сч,91
_ря,91
роз,90
ерх,90
упа,90
яза,90
роч,90
нду,90
рыт,89
_кн,89
учш,89
цев,89
епо,89
ует,89
зах,89
утр,89
ару,89
евс,89
куш,89
че_,89
_зд,89
ути,88
ону,88
хри,88
очу,88
вых,88
док,88
печ,88
сек,88
эль,88
_цв,88
дца,88
_чи,88
нез,88
ега,88
анв,88
бал,88
усп,87
_сы,87
хол,87
тря,87
нка,87
асл,87
дой,87
етн,87
рие,87
ям_,86
егд,86
губ,86
сив,86
ол_,86
еку,86
онц,86
_ди,86
_ей,86
рид,86
рип,86
нео,86
ший,86
сог,86
ув_,85
иты,85
дем,85
ссе,85
елы,85
ча_,85
выб,85
ику,85
рка,84
изо,84
ечи,84
ню_,84
йча,84
ейч,84
ахр,84
мед,84
лам,84
адн,84
мны,83
рье,83
тпр,83
шло,83
шив,83
юби,83
икт,83
акл,83
ард,83
неб,83
обу,83
юсь,83
ату,82
зял,82
яти,82
_хи,82
йно,82
бит,82
риш,82
роп,82
уко,82
вую,82
сум,81
епр,81
ахн,81
мая,81
шли,81
_ар,81
ваш,81
ето,81
убы,81
бед,81
иви,81
бст,81
кую,81
шеп,80
тес,80
рди,80
вас,80
ивл,80
инк,80
апи,80
опо,80
охн,80
_ще,80
янн,80
кож,80
вла,79
_зв,79
зай,79
сет,79
беж,79
выр,79
маю,79
озр,79
меж,79
__ю,79
сра,79
выш,79
бог,79
рох,79
ующ,78
адц,78
луг,78
яви,78
рсе,78
ыбк,78
зы_,78
ува,78
зра,78
тыв,78
есп,78
тек,78
уск,78
нну,78
одя,78
рти,78
тая,78
атр,77
ажа,77
рва,77
аку,77
ады,77
ерш,77
мех,77
шно,77
ясн,77
аны,77
ооб,77
йск,77
схо,77
мея,76
дло,76
раш,76
иди,76
жа_,76
мае,76
вие,76
ухо,76
тои,76
унд,76
емо,76
йны,76
ерс,76
еты,76
общ,76
изи,76
зык,75
рус,75
вку,75
убо,75
омк,75
мою,75
иле,75
куп,75
льч,75
впе,75
лы_,75
рач,75
еря,75
быв,75
_вт,74
екр,74
ича,74
ошо,74
бен,74
тож,74
_ух,74
выг,74
лят,74
_ри,74
пад,74
упр,74
дле,74
бо_,74
счи,74
эля,74
одв,74
ьмо,74
ужн,74
_л_,74
кля,74
иже,73
дто,73
риб,73
тку,73
шо_,73
бре,73
лак,73
нек,73
лий,73
нц_,73
апа,72
кли,72
зор,72
ебо,72
_хр,72
ичи,72
_жд,72
щей,72
вда,72
неж,72
уты,72
лиз,72
поэ,71
исс,71
хож,71
моя,71
зар,71
руч,71
сой,71
гой,71
рки,71
апл,71
икн,71
вог,71
тко,71
сны,71
ужа,71
етк,71
тия,71
ипа,70
игл,70
ьчи,70
зда,70
арх,70
тим,70
ану,70
пой,70
нуж,70
шат,70
абы,70
ига,70
одс,70
овк,70
ньк,70
ьку,69
выт,69
рак,69
отл,69
алу,69
чае,69
ибл,69
елк,69
шин,69
опи,69
иям,69
шая,68
ею_,68
чше,68
еше,68
нок,68
нах,68
цам,68
шем,68
цем,68
шу_,68
асо,68
ьде,68
ури,68
оил,68
_би,68
есо,68
аня,68
лио,68
увш,67
чая,67
озя,67
бещ,67
ебр,67
жчи,67
уло,67
важ,67
жи_,67
взд,67
емь,67
_аз,67
огн,67
яни,67
_ор,67
ион,66
лко,66
лах,66
ст_,66
кап,66
ужч,66
имы,66
ачн,66
_ож,66
мит,66
удт,66
чка,66
объ,66
_сб,66
леж,66
наж,66
нды,66
гат,66
еру,65
аба,65
йти,65
вне,65
щих,65
рни,65
_ох,65
опе,65
усс,65
хи_,65
тье,65
отч,65
дре,65
нив,65
оты,65
етв,65
ицу,65
_дж,65
оша,65
ито,65
низ,65
шит,64
адк,64
оды,64
_ах,64
хоз,64
бан,64
дух,64
шаг,64
рмо,64
зим,64
язы,64
рдо,64
исл,64
спл,64
лее,64
бу_,64
гло,64
шие,64
опл,64
охр,64
рым,63
кно,63
зре,63
рха,63
онк,63
уду,63
яя_,63
тну,63
_яв,63
оэт,63
отс,63
вны,63
оча,63
ыка,62
дая,62
имя,62
сех,62
_пя,62
елу,62
раг,62
рее,62
ахо,62
айн,62
зко,62
ояв,62
ржи,62
евн,62
осу,62
оин,61
оис,61
яже,61
сыг,61
ойд,61
ену,61
изу,61
явл,61
аря,61
йна,61
руб,61
всп,61
нож,60
поц,60
дко,60
рян,60
лок,60
идо,60
дую,60
_шу,60
зит,60
оши,60
епт,60
сын,60
вок,60
ря_,59
шку,59
щин,59
ссм,59
авк,59
оит,59
сче,59
хат,59
арн,59
ият,59
тич,59
рст,59
чут,59
вож,59
олю,59
бри,59
екл,59
нто,59
лой,59
быч,59
езд,58
лае,58
сот,58
льм,58
лох,58
нер,58
эта,58
пеш,58
ыск,58
оят,58
зго,58
ажн,58
мый,58
оян,58
аще,58
гие,58
соп,58
шую,58
жан,58
рво,58
куч,58
ух_,58
ысо,57
лая,57
мле,57
пет,57
руп,57
ема,57
еки,57
нти,57
па_,57
тые,57
отд,57
вав,57
одр,57
ужд,57
алы,57
_эк,57
сча,57
пта,57
етл,57
олп,57
поя,57
ции,57
був,56
зну,56
гка,56
эн_,56
оза,56
_ды,56
рде,56
_фл,56
тск,56
аса,56
тый,56
зме,56
гре,56
чам,56
сна,56
изб,56
кун,56
жим,56
ычн,56
зву,56
пат,56
ба_,56
еви,56
азз,55
ары,55
нош,55
йер,55
мым,55
гам,55
ань,55
щем,55
аке,55
здн,55
нис,55
идн,55
укр,55
чис,55
еми,55
рше,55
пуг,55
илл,55
пах,55
ище,55
утн,55
чку,55
вив,55
сад,54
вещ,54
_вм,54
знь,54
соч,54
нтр,54
ити,54
воб,54
_ур,54
ыше,54
виж,54
зои,54
апе,54
_тя,54
ези,54
лаж,54
тта,54
чай,54
аща,54
щес,53
ойе,53
вдо,53
кав,53
_уш,53
ис_,53
рял,53
сят,53
лел,53
кни,53
абр,53
оту,53
гна,53
рго,53
иго,53
вез,53
лым,53
воо,53
аша,53
гко,53
уто,53
су_,52
хом,52
нщи,52
бъя,52
кел,52
сут,52
изм,52
мос,52
рх_,52
лжн,52
раф,52
доп,52
хил,52
мят,52
зло,52
сюд,52
ура,52
ерп,52
езо,52
жас,52
овл,52
шес,52
_фа,52
ишл,52
вме,52
гая,52
всю,51
кип,51
арс,51
бно,51
рищ,51
тья,51
атк,51
озь,51
_хв,51
енщ,51
енк,51
зза,51
_яр,51
етр,51
дея,51
зоб,51
ици,51
лух,51
уха,51
бви,50
рят,50
леп,50
ша_,50
орл,50
ипо,50
_ж_,50
ге_,50
бще,50
коп,50
оен,50
защ,50
щек,50
упо,50
ыгл,50
здр,50
няк,50
мов,50
сун,50
бив,50
яло,50
бко,50
нци,50
дош,50
пош,49
ежи,49
рто,49
ыти,49
ища,49
тир,49
лаш,49
лош,49
онз,49
ыга,49
уба,49
_ль,49
щее,49
ерр,49
ег_,49
лка,49
шее,49
дож,49
тсы,49
зны,49
бна,49
аха,49
зли,49
_тс,49
уя_,49
мла,49
вия,49
пан,49
яин,48
зяи,48
оящ,48
ждо,48
шиэ,48
скв,48
сур,48
оть,48
руш,48
эту,48
тую,48
удр,48
доч,48
тае,48
тик,48
соз,48
_яз,48
рех,48
шев,48
онь,48
вят,48
пен,48
руз,48
_фи,48
_шл,48
ыты,48
рих,48
_юн,48
утс,47
топ,47
ук_,47
имн,47
ьки,47
цов,47
мли,47
рах,47
яды,47
йде,47
буч,47
бег,47
лне,47
ыба,47
убе,47
мам,47
гне,47
гив,47
яка,47
усь,47
вай,47
зь_,47
нко,47
иду,47
си_,47
зду,47
ютс,47
арм,46
рии,46
акк,46
кид,46
тис,46
ибу,46
ядя,46
ешн,46
епи,46
рке,46
емы,46
тех,46
_хл,46
вки,46
ута,46
лкн,46
моч,46
ету,46
евш,46
сня,46
аму,46
ндр,46
зви,46
тна,46
едп,46
льб,45
угл,45
еет,45
_ры,45
оща,45
лки,45
ш__,45
мур,45
ьшо,45
рых,45
ьце,45
тыл,45
рси,45
ыда,45
лые,45
ечь,45
даю,45
лер,45
лни,45
нки,45
рощ,45
ьши,45
отм,45
риа,45
жар,45
кош,45
вко,45
иот,44
заи,44
още,44
дый,44
виг,44
юде,44
лоп,44
бны,44
евы,44
ике,44
ьди,44
яет,44
ючи,44
озо,44
еша,44
угу,44
вдр,44
_вк,44
ньш,44
жне,44
чей,44
рай,44
тча,44
дьб,44
орч,44
шьс,44
азб,43
пес,43
ьца,43
рае,43
_сю,43
овр,43
олд,43
исе,43
выв,43
ноп,43
сьм,43
исх,43
лый,43
щег,43
яющ,43
зер,43
оку,43
орц,43
мра,43
аби,43
хло,43
ьез,43
рри,43
_кв,43
ф__,43
рне,43
вык,43
_ши,43
мся,43
абе,43
оны,42
одб,42
ляю,42
обм,42
ису,42
эна,42
ыпа,42
хар,42
гих,42
зач,42
деш,42
дых,42
лаб,42
мее,42
бин,42
ожу,42
гим,42
еса,42
ижа,42
ашл,42
_гв,42
усм,42
сю_,42
дае,42
дач,42
шад,42
ушн,42
рию,42
сим,42
цей,41
щат,41
отт,41
ущи,41
лжа,41
плы,41
щит,41
лно,41
рда,41
сце,41
ниб,41
стк,41
вуч,41
дик,41
пну,41
айт,41
ише,41
дце,41
окн,41
рня,41
ойс,41
ибо,41
ерз,41
луй,41
аля,41
умо,41
выз,41
веж,41
жни,40
асм,40
уж_,40
лаю,40
лли,40
арь,40
щая,40
дим,40
пно,40
тых,40
анк,40
льт,40
тяж,40
ниг,40
ыбр,40
мощ,40
ьцы,40
бяз,40
ыха,40
озл,40
эки,40
гли,40
едк,40
ией,40
рши,40
паж,40
ибе,40
рдц,40
ир_,40
мки,40
тям,40
зуб,40
роя,39
дпо,39
_оз,39
_фо,39
туд,39
дну,39
нди,39
ося,39
чки,39
обя,39
омы,39
нот,39
елю,39
ейн,39
ямо,39
щую,39
кво,39
пив,39
яте,39
лиж,39
ляе,39
аюс,39
леб,39
_зи,39
юди,39
най,39
гое,39
рпе,39
иях,39
_ош,39
аив,39
ляя,39
уис,38
мню,38
сих,38
жек,38
ире,38
чаю,38
эгл,38
ект,38
рга,38
ндо,38
дже,38
нку,38
_эг,38
ышл,38
зел,38
ылк,38
ерг,38
виз,38
гаю,38
гва,38
щил,38
нты,38
бож,38
нгу,38
_рю,38
маш,38
гуи,38
рец,38
раю,38
шки,38
сущ,38
соо,37
рюм,37
мпа,37
гог,37
жна,37
ьна,37
еже,37
виц,37
орв,37
чар,37
зуч,37
иру,37
рма,37
жин,37
езк,37
рей,37
дки,37
азл,37
риж,37
зум,37
зки,37
наг,37
няя,37
_сж,37
пье,37
онс,37
чко,37
деж,37
нра,36
рта,36
ийц,36
гры,36
_сх,36
тда,36
нне,36
хле,36
ыхо,36
чне,36
лда,36
тяг,36
пыл,36
цеп,36
бня,36
рко,36
нау,36
ьте,36
езу,36
дящ,36
тай,36
бку,36
ху_,36
ири,36
уит,36
ечт,36
езж,36
лач,36
гря,36
_ху,36
цес,36
рую,36
асы,36
азр,36
тме,35
мим,35
узы,35
рск,35
мые,35
ыра,35
тащ,35
лям,35
ьну,35
_вв,35
нях,35
лнц,35
ква,35
ряс,35
джа,35
бря,35
тец,35
шни,35
цом,35
ряч,35
мко,35
лье,35
кте,35
_яс,35
одк,35
кад,35
орт,35
гль,35
овт,35
пам,35
игн,35
имс,35
рю_,35
яны,35
сох,35
зис,35
тры,35
бам,34
умн,34
_мр,34
ухи,34
яда,34
ьи_,34
шет,34
вка,34
дск,34
офи,34
рча,34
изы,34
ояс,34
уль,34
лог,34
тул,34
бом,34
агр,34
йне,34
рла,34
тне,34
ьбу,34
дущ,34
дка,34
_зу,34
амя,34
_зр,34
зжа,34
пои,34
лых,33
вон,33
ае_,33
ох_,33
рир,33
дку,33
еры,33
нжа,33
чан,33
вся,33
орк,33
пе_,33
енд,33
еуд,33
юно,33
диш,33
енс,33
обв,33
кта,33
еож,33
фет,33
еке,33
зже,33
сыв,33
охл,33
аян,33
гиб,33
хан,33
_шк,33
иес,33
впр,33
нде,33
яв_,33
уси,33
рже,33
инж,33
агн,33
бат,33
ниж,32
тыр,32
муз,32
лью,32
усн,32
сып,32
рми,32
шой,32
зом,32
ряж,32
ошу,32
ьне,32
пое,32
авс,32
оср,32
нту,32
вве,32
воч,32
п__,32
_ун,32
ляс,32
изг,32
_ел,32
дир,32
мую,32
юмк,32
впо,32
дии,32
рчи,32
амл,32
одл,32
йте,32
фур,32
ажу,32
ртв,31
ешу,31
льв,31
юбв,31
мку,31
ыде,31
неш,31
риц,31
озж,31
шир,31
цар,31
авт,31
син,31
рна,31
_зл,31
луп,31
сса,31
игу,31
сою,31
неи,31
дву,31
ято,31
тур,31
ебн,31
едя,31
миг,31
щан,31
оюз,31
ыпи,31
сев,31
лжи,31
каю,31
рях,31
чеш,31
чуд,31
вад,31
ышк,31
нцо,31
збр,31
пу_,31
хов,31
ерл,31
тет,31
дук,31
упн,30
тие,30
бим,30
оню,30
тло,30
ыто,30
итв,30
изк,30
орс,30
атя,30
рца,30
_чь,30
еоб,30
езы,30
пли,30
иту,30
лук,30
чев,30
адь,30
сат,30
идк,30
адл,30
асе,30
ейш,30
ятс,30
ихс,30
авы,30
ывш,30
вош,30
мст,30
аги,30
диа,30
_сг,30
цио,30
ехн,30
смы,30
одт,30
итр,30
мок,30
уют,29
ьбы,29
ихи,29
аш_,29
циа,29
жав,29
бка,29
одч,29
рут,29
авя,29
шар,29
езр,29
выч,29
уте,29
айд,29
зри,29
одд,29
осх,29
уй_,29
хся,29
орб,29
урн,29
зае,29
таи,29
доз,29
юче,29
сму,29
ьям,29
дур,29
ция,29
омп,29
ыдо,29
елс,29
сяк,29
еч_,29
ашу,29
узо,29
удн,29
арш,29
езл,29
ур_,29
иг_,29
есч,29
кои,29
йше,29
лже,29
тпу,28
заж,28
таю,28
чну,28
исо,28
ята,28
рор,28
итч,28
ьви,28
ивк,28
уни,28
хит,28
тег,28
епк,28
каб,28
аин,28
онт,28
фон,28
ген,28
ацц,28
гац,28
адр,28
нцу,28
ошн,28
ыре,28
хла,28
чуж,28
ька,28
атс,28
еды,28
кул,28
ркн,28
одх,28
дбо,28
учн,28
боп,28
ыль,28
рба,28
амн,28
узе,28
иши,28
еги,28
шны,27
киз,27
убр,27
мад,27
маэ,27
упл,27
рап,27
отц,27
апн,27
няв,27
рыш,27
гул,27
сма,27
ъяв,27
рты,27
млю,27
нча,27
зыс,27
ухн,27
дря,27
_гн,27
зая,27
бая,27
ьзо,27
чек,27
пы_,27
дят,27
оед,27
есу,27
пек,27
теш,27
шум,27
гар,27
биб,27
тах,27
дий,27
яно,27
жеш,27
лую,27
хе_,27
ойм,27
эск,27
ашк,27
_ке,27
ауч,27
тр_,27
вшу,27
ьха,26
пев,26
лья,26
отб,26
вду,26
_ад,26
зе_,26
_ие,26
азк,26
аж_,26
льх,26
иеш,26
явш,26
евр,26
коч,26
яро,26
чни,26
обх,26
_ци,26
ечо,26
цца,26
нус,26
збу,26
ьян,26
убл,26
тиш,26
диц,26
нд_,26
езв,26
яги,26
ашн,26
зла,26
уке,26
спы,26
звр,26
умч,26
_уе,26
ищу,25
рум,25
фа_,25
тту,25
пко,25
рли,25
юбл,25
егч,25
дри,25
хру,25
бур,25
пля,25
яди,25
ыпр,25
мых,25
бет,25
азм,25
егл,25
шан,25
рац,25
ньг,25
_ха,25
ьер,25
иц_,25
_жр,25
мчи,25
мис,25
бои,25
ойт,25
ск_,25
иал,25
кле,25
йце,25
воя,25
кви,25
чиш,25
стю,25
умы,25
_ех,25
тч_,25
лня,25
кка,25
сиг,25
шля,25
уйс,25
дот,25
сьб,25
еи_,24
_сц,24
мье,24
опя,24
ске,24
жем,24
ечу,24
сбе,24
йни,24
гае,24
мут,24
дла,24
_ив,24
зро,24
енц,24
тв_,24
кут,24
жие,24
схв,24
кух,24
мею,24
щи_,24
епа,24
тий,24
оех,24
ытк,24
_мя,24
ьем,24
гут,24
лоч,24
жаю,24
еби,24
кт_,24
тюм,24
дыш,24
яяс,24
дье,24
стл,24
ыпо,24
тты,24
иют,24
ына,24
рио,24
аф_,24
цию,24
заш,24
руи,24
коя,24
фин,24
дут,24
дми,24
агл,24
иму,24
ьба,24
орж,24
убк,24
тке,24
рте,24
сми,24
сия,24
кем,24
ешо,24
яют,24
ьзн,23
поо,23
бук,23
дуе,23
кст,23
еуж,23
шав,23
кет,23
хищ,23
яко,23
еан,23
мля,23
мян,23
всл,23
сся,23
жер,23
юча,23
сод,23
жей,23
ич_,23
апу,23
ахл,23
пир,23
ивр,23
лта,23
тиг,23
шке,23
пти,23
одп,23
ибы,23
_хм,23
егу,23
язн,23
ися,23
вын,23
_ав,23
роц,23
рий,23
влю,23
ртн,23
рви,23
_вх,23
вхо,23
_ит,23
яст,23
ебу,23
абу,23
дид,23
дай,23
дуп,23
туч,23
олы,23
шут,23
уля,23
вли,23
ьме,23
уюс,23
ыве,23
тос,23
бою,23
нс_,23
_пь,23
дде,22
тиб,22
ссл,22
айш,22
еиз,22
збе,22
вша,22
аву,22
зир,22
лст,22
вах,22
иси,22
ызв,22
лия,22
жки,22
_ны,22
вуе,22
оге,22
тче,22
ытн,22
суе,22
уну,22
идя,22
боя,22
шне,22
ятк,22
сжа,22
узи,22
сс_,22
кти,22
тто,22
евя,22
щаю,22
дке,22
хму,22
шиб,22
асч,22
щно,22
ыпу,22
упк,22
лга,22
ык_,22
муд,22
эле,22
ща_,22
аэл,22
диз,22
теа,22
уту,22
бут,22
шею,22
ыби,22
мь_,22
яче,22
тыс,22
_нр,22
тое,22
мик,22
ижн,22
дым,22
ипе,22
лоб,22
пав,22
мыв,21
гую,21
сея,21
угр,21
фак,21
шле,21
взр,21
омл,21
олс,21
илы,21
ощу,21
ыну,21
_м_,21
охв,21
дое,21
зят,21
ачк,21
щищ,21
таб,21
азе,21
згн,21
ням,21
пки,21
оев,21
аев,21
айс,21
фле,21
ссу,21
исы,21
_эй,21
каш,21
епн,21
нор,21
плю,21
ечк,21
ьдо,21
__j,21
сиэ,21
лун,21
еат,21
умя,21
ыно,21
_ца,21
хох,21
зош,21
йши,21
саж,21
гно,21
вии,21
мыш,21
шуи,21
коб,21
жев,21
изр,21
ютн,21
дис,21
рт_,21
_jp,20
лги,20
амп,20
тук,20
бид,20
гки,20
ыча,20
муч,20
чле,20
йну,20
яки,20
озб,20
адм,20
ижу,20
шок,20
уем,20
pg_,20
_ощ,20
ыгр,20
чта,20
ехо,20
jpg,20
_жу,20
юдь,20
бхо,20
няю,20
сах,20
_фу,20
наи,20
ужб,20
_хе,20
зди,20
вух,20
лощ,20
асх,20
ьбе,20
ряз,20
ясе,20
ющу,20
усе,20
вич,20
нзи,20
бос,20
шип,20
жку,20
еян,20
э__,20
пры,20
нке,20
жли,20
бак,20
егн,20
яхн,20
g__,20
нче,20
чью,20
дас,20
лгу,19
маг,19
_шт,19
есм,19
схи,19
сиб,19
ея_,19
лим,19
_чл,19
зящ,19
кис,19
идь,19
еге,19
тца,19
жре,19
рхо,19
вут,19
йду,19
зму,19
баш,19
уле,19
лищ,19
йма,19
руа,19
ешк,19
фло,19
оор,19
чим,19
ыв_,19
юся,19
зма,19
омс,19
бые,19
боч,19
твы,19
_тщ,19
гче,19
ытс,19
льф,19
ярк,19
кил,19
тош,19
щад,19
взо,19
чна,19
рть,19
звл,19
мяг,19
шек,19
дею,19
урл,19
доф,19
ыбо,19
ьфу,19
выл,19
фла,19
ожь,19
тящ,19
омч,19
иву,19
овя,19
утк,19
бщи,19
йцы,19
ачу,19
тод,19
ссы,19
худ,19
бки,19
ьги,19
ьми,19
бры,19
мча,19
чке,18
гах,18
еба,18
хне,18
лют,18
рту,18
узь,18
кку,18
щел,18
эст,18
цер,18
мка,18
злю,18
_рт,18
ейц,18
_щи,18
ужк,18
пач,18
бым,18
веш,18
_ап,18
ерб,18
одм,18
овц,18
пау,18
дхо,18
зог,18
_ол,18
ум_,18
ырн,18
лиф,18
рящ,18
_фр,18
атл,18
нсе,18
ерч,18
зря,18
суж,18
фор,18
ржд,18
тиц,18
_мл,18
ячи,18
дчи,18
ыго,18
уно,18
онд,18
вью,18
арр,18
ядк,18
илу,18
_пт,18
сеа,18
нью,18
акж,18
ози,18
каэ,18
чо_,18
мущ,18
мыл,18
щур,18
рещ,18
ус_,18
эрд,18
зды,18
аэр,18
_шо,17
зоп,17
ощн,17
нац,17
буж,17
ъяс,17
озе,17
офе,17
сши,17
баг,17
арф,17
лир,17
еод,17
зле,17
рер,17
упе,17
яне,17
лпе,17
рью,17
газ,17
хам,17
озг,17
ьды,17
опн,17
сап,17
учк,17
изд,17
алт,17
_тк,17
зо_,17
рды,17
итк,17
блу,17
зья,17
таж,17
щае,17
_гю,17
иба,17
зен,17
апя,17
нза,17
гри,17
яго,17
озы,17
еув,17
ещи,17
йдя,17
чьи,17
яск,17
взм,17
кже,17
ежл,17
хой,17
сож,17
афе,17
чаш,17
изл,17
шоч,17
мну,17
чок,17
мью,17
бум,17
бни,17
изя,17
сяч,17
лар,17
юнт,17
гюн,17
ё__,16
втр,16
щ__,16
элю,16
чте,16
зьм,16
ьзя,16
зя_,16
рло,16
_ау,16
ятв,16
асш,16
лое,16
нюш,16
раи,16
мгн,16
_мг,16
ушл,16
йка,16
рух,16
ьск,16
олз,16
юща,16
_сс,16
бят,16
исч,16
авь,16
сыл,16
элл,16
хлы,16
сое,16
анч,16
ьев,16
укл,16
жка,16
рлы,16
яжк,16
бля,16
_ир,16
опь,16
ытя,16
лке,16
ишн,16
сля,16
гущ,16
арч,16
итя,16
жну,16
зин,16
твл,16
зби,16
ид_,16
мод,16
ящн,16
ыне,16
уал,16
ргн,16
руя,16
дме,16
ьто,16
шеч,16
ын_,15
имп,15
ижи,15
хуж,15
аук,15
тоз,15
бма,15
окт,15
икр,15
теж,15
няе,15
крю,15
мещ,15
умм,15
ьзу,15
хаж,15
нгр,15
мпе,15
афа,15
олт,15
_мэ,15
упу,15
тле,15
лащ,15
як_,15
ыся,15
теч,15
щед,15
звя,15
_ез,15
вук,15
ьет,15
ряю,15
лыл,15
ссч,15
вим,15
щу_,15
пап,15
ощь,15
бме,15
щив,15
осс,15
бул,15
бий,15
луд,15
хмы,15
укв,15
_юб,15
лец,15
выи,15
ьшу,15
аяв,15
сэ_,15
сон,15
вру,15
ляр,15
яса,15
дие,15
сжи,15
убу,15
чав,15
ауз,15
аг_,15
вро,15
орь,15
ыко,15
ьма,15
чье,15
уб_,15
жае,15
ач_,15
нье,15
бсу,15
заз,15
ифа,15
утв,15
бру,15
уми,15
рсэ,15
рыж,14
алл,14
рьк,14
уна,14
ыте,14
аи_,14
жий,14
еюс,14
куб,14
маз,14
отх,14
ряк,14
зяй,14
туш,14
ахи,14
еал,14
юзн,14
скн,14
рза,14
чеб,14
дуя,14
иги,14
рюк,14
дтв,14
езе,14
леш,14
жая,14
аге,14
лях,14
вев,14
явн,14
тыд,14
чом,14
екс,14
тню,14
иоз,14
кна,14
ебы,14
рме,14
ящу,14
юбе,14
нсо,14
пик,14
деб,14
емс,14
пья,14
сда,14
ожк,14
шай,14
хив,14
ыиг,14
_ля,14
шну,14
ниш,14
ухе,14
олв,14
бъе,14
_оц,14
уза,14
юю_,14
реу,14
бое,14
мав,14
чез,14
пущ,14
егр,14
уры,14
рче,14
пка,14
лны,14
еят,14
онф,14
арв,14
ыле,14
рул,14
нья,13
езм,13
збо,13
фек,13
зка,13
ичт,13
рун,13
ыгн,13
еот,13
кци,13
чши,13
кей,13
шон,13
асц,13
упп,13
ирн,13
ъят,13
жь_,13
хеб,13
сва,13
ебб,13
дти,13
идт,13
шаю,13
ббе,13
ахм,13
нюю,13
мей,13
юбк,13
яеш,13
жиг,13
вий,13
_ат,13
фра,13
либ,13
еющ,13
вза,13
лию,13
дьм,13
_аб,13
нцы,13
ож_,13
дек,13
тят,13
рша,13
кув,13
_чо,13
яйк,13
луе,13
рху,13
люс,13
фиг,13
гур,13
рк_,13
ищн,13
яю_,13
уех,13
пощ,13
етя,13
чие,13
дия,13
есы,13
_яг,13
вья,13
ьей,13
оюс,13
её_,13
цие,13
зон,13
моз,13
зку,13
бах,13
чий,13
йки,13
рву,13
ною,13
вей,13
рре,13
лг_,13
фан,13
вир,13
ьша,13
иоб,13
чон,13
ъед,13
кир,13
ипу,13
дче,13
пче,13
онр,13
жащ,13
ухм,13
тля,13
ягк,12
буе,12
уща,12
буй,12
мьи,12
шта,12
гоп,12
дед,12
тдо,12
амк,12
енч,12
пиш,12
шам,12
зей,12
зга,12
ужу,12
лих,12
чащ,12
сцв,12
тчи,12
сше,12
щны,12
дры,12
мья,12
иды,12
бух,12
пяс,12
ыш_,12
мня,12
чья,12
сгл,12
дям,12
_тю,12
шуб,12
осч,12
дпи,12
уйт,12
лии,12
эну,12
рыс,12
баю,12
обк,12
бую,12
ряв,12
обд,12
рхи,12
юны,12
уге,12
лык,12
бло,12
зос,12
опк,12
кай,12
дах,12
эри,12
пиц,12
унн,12
еус,12
пку,12
ыкн,12
оод,12
исн,12
ьда,12
ыки,12
риу,12
впи,12
зоч,12
езз,12
ядн,12
зъя,12
кае,12
рце,12
учу,12
ерю,12
_мь,12
рео,12
_кс,12
_ся,12
жур,12
рыг,12
ышн,12
_эх,12
абс,12
ейт,12
пны,12
евь,12
юшн,12
яга,12
_вя,12
фе_,12
тща,12
иаф,12
тде,12
есц,12
_иа,12
мэр,12
би_,11
сух,11
зой,11
вке,11
зи_,11
бве,11
звы,11
тум,11
выя,11
ыт_,11
сро,11
евч,11
дше,11
вец,11
нюх,11
уху,11
ткл,11
сие,11
стс,11
ыяс,11
фер,11
одг,11
пех,11
ыще,11
сыщ,11
дго,11
асу,11
ыши,11
рюч,11
еис,11
лыв,11
фу_,11
туг,11
сяг,11
едш,11
сго,11
сль,11
тии,11
тях,11
дее,11
нын,11
изъ,11
ылс,11
куз,11
ехи,11
еца,11
ьза,11
реф,11
зяв,11
_шп,11
нур,11
адш,11
еор,11
впл,11
роф,11
_ов,11
_ищ,11
ляж,11
щни,11
тте,11
бье,11
аиг,11
нон,11
тбр,11
ыпл,11
тт_,11
йчи,11
иен,11
щет,11
щь_,11
гич,11
ырк,11
хли,11
ычк,11
уд_,11
впа,11
_ву,11
щип,11
ыжи,11
ахв,11
тлы,11
яща,11
вкл,11
даб,11
гил,11
фил,11
ыже,11
ляп,11
увл,11
ищ_,11
сню,11
жгл,11
сьо,11
_уй,11
ныш,11
лпу,11
сби,11
пеп,11
каф,11
чах,11
ехв,11
ъех,11
съе,11
янс,11
_съ,11
ойк,11
дхв,11
вуя,11
ьга,11
пух,11
узк,11
ейк,11
жег,11
_ую,11
нфе,11
рду,11
хид,11
ткн,11
ьцо,10
еим,10
емч,10
пец,10
рея,10
жут,10
ьов,10
яся,10
_сь,10
вчо,10
нюд,10
вня,10
бык,10
ьен,10
зус,10
сбр,10
гав,10
_рв,10
фиц,10
язь,10
вря,10
_оф,10
ссп,10
нин,10
умк,10
паз,10
жад,10
ичу,10
идв,10
ичк,10
двк,10
мчу,10
орю,10
сош,10
гож,10
нво,10
еук,10
ллю,10
еяс,10
рку,10
юбы,10
нзо,10
дян,10
еб_,10
обж,10
рыз,10
лль,10
тюр,10
лпы,10
узу,10
втя,10
тла,10
лпа,10
шлю,10
_её,10
укц,10
лчи,10
ирк,10
имв,10
дпр,10
уэт,10
йме,10
лле,10
швы,10
бют,10
ебю,10
ефе,10
ьд_,10
ян_,10
бае,10
йца,10
джи,10
уил,10
уны,10
увы,10
юду,10
гоц,10
оез,10
хво,10
рын,10
мош,10
мак,10
уед,10
огс,10
язк,10
ошк,10
выж,10
лоз,10
оке,10
гай,10
еес,10
апю,10
нтн,10
бич,10
юшо,10
пюш,10
зуе,10
коф,10
дши,10
юта,10
дуб,10
ыкл,10
орх,10
сяц,10
ужо,10
емп,9
йко,9
иб_,9
тас,9
твр,9
чьс,9
баз,9
пей,9
эт_,9
рьм,9
гст,9
дус,9
сец,9
зры,9
язв,9
ыво,9
ыни,9
_ею,9
пул,9
клу,9
ьму,9
маж,9
бхв,9
тын,9
яты,9
жье,9
ьбо,9
рги,9
дию,9
ощи,9
рхн,9
ций,9
йку,9
фир,9
рг_,9
зот,9
пуч,9
ешл,9
яча,9
даш,9
адя,9
иол,9
улу,9
ыкр,9
оха,9
удя,9
обт,9
беи,9
пуб,9
ыру,9
нящ,9
шню,9
лув,9
оз_,9
озк,9
дио,9
гин,9
ахе,9
шер,9
шус,9
тня,9
бду,9
фал,9
ырв,9
змы,9
упь,9
коз,9
щуп,9
олш,9
мив,9
ибк,9
вце,9
исм,9
ипи,9
алю,9
сав,9
мму,9
оху,9
ыро,9
сбо,9
нтл,9
ряе,9
аэс,9
зет,9
жия,9
епч,9
саю,9
инв,9
дсл,9
уфе,9
айм,9
усв,9
юдн,9
мяк,9
бмя,9
пак,9
глы,9
увя,9
юха,9
ухл,9
эхо,9
бус,9
ржк,9
урм,9
сая,9
дич,9
тма,9
жаж,9
люх,9
аил,9
обш,9
жке,9
умл,9
пи_,9
сои,9
бие,9
мпы,9
эли,9
люж,9
зчи,9
юдя,9
тби,8
люн,8
рзк,8
унк,8
ожо,8
лла,8
лну,8
атв,8
щущ,8
фиш,8
гус,8
дъе,8
бже,8
одъ,8
зке,8
ееш,8
нуш,8
_шв,8
ззы,8
паю,8
ыма,8
сии,8
гуч,8
ияю,8
рьт,8
мяс,8
бас,8
эй_,8
ащу,8
ъян,8
упы,8
деа,8
юз_,8
орш,8
иум,8
суп,8
яшк,8
тьд,8
ынк,8
_шн,8
мек,8
идц,8
гчи,8
ноз,8
бсо,8
ряя,8
_вг,8
ихл,8
шна,8
дун,8
арл,8
ивя,8
ззв,8
оиг,8
одж,8
жди,8
щут,8
змя,8
рпи,8
фля,8
ужс,8
ипл,8
йса,8
жск,8
лк_,8
еци,8
арю,8
уре,8
взв,8
гис,8
дуч,8
фар,8
обз,8
нса,8
хим,8
вум,8
бке,8
яна,8
юхи,8
омр,8
ькн,8
зао,8
олл,8
ежк,8
тиж,8
вье,8
нкс,8
юдо,8
ефо,8
кс_,8
отз,8
май,8
леф,8
ярн,8
вса,8
ляв,8
лпо,8
эзи,8
оэз,8
ьес,8
ебл,8
шае,8
тще,8
ряг,8
гня,8
чущ,8
юже,8
смя,8
экз,8
онв,8
мха,8
хаз,8
лна,8
ючк,8
поу,8
пру,8
муг,8
мкн,8
_ть,8
ыбе,8
омц,8
вца,8
рвн,8
лыс,8
дув,8
деи,8
есш,8
опт,8
атм,8
сза,8
_сз,8
шеб,8
емх,8
рцу,8
мии,8
ырь,8
янц,8
ныр,8
вян,8
зба,8
лше,8
ягу,8
лай,8
иез,8
_чр,8
оум,8
мво,8
чре,8
злу,8
лзл,8
вяк,8
пед,7
гит,7
уп_,7
цит,7
пим,7
лею,7
яца,7
цал,7
тео,7
жир,7
пыш,7
ияз,7
ьях,7
осш,7
акс,7
ицц,7
лящ,7
омб,7
цаю,7
икл,7
алп,7
вче,7
оях,7
ызд,7
_ущ,7
пая,7
хни,7
афу,7
жко,7
вьт,7
виш,7
оух,7
гоу,7
зги,7
жус,7
оцв,7
эйс,7
юки,7
лоя,7
_ом,7
кок,7
_лб,7
кзо,7
лви,7
жих,7
ыку,7
южи,7
ряп,7
итн,7
бши,7
бач,7
юм_,7
ктр,7
_дю,7
_уя,7
уяз,7
зиц,7
ппе,7
яч_,7
пуз,7
оел,7
уся,7
рлу,7
вна,7
што,7
аим,7
хме,7
бью,7
биж,7
тьи,7
уи_,7
_ям,7
оца,7
кря,7
иам,7
ызо,7
йн_,7
юну,7
фот,7
аб_,7
жак,7
ссв,7
уев,7
зок,7
ягч,7
якн,7
улк,7
пае,7
каи,7
ауд,7
фыр,7
_фы,7
рле,7
_ам,7
ляк,7
сир,7
рф_,7
цах,7
адв,7
буф,7
етд,7
вчи,7
урк,7
ушу,7
яс_,7
акц,7
эдм,7
_эд,7
жба,7
бош,7
вды,7
шлы,7
рзш,7
иим,7
сящ,7
вло,7
дья,7
олм,7
кси,7
шор,7
нищ,7
юме,7
ищи,7
евк,7
жок,7
ыйт,7
_яд,7
жай,7
щам,7
ссн,7
кль,7
вее,7
рве,7
боз,7
беш,7
тпи,7
ысе,7
пыв,7
тьм,7
овп,7
тхл,7
аям,7
лл_,7
нир,7
сак,7
неа,7
лри,7
иех,7
вищ,7
тип,7
гни,7
ъез,7
иф_,7
сис,7
сбы,7
онг,7
евз,7
ныв,7
щай,7
цив,7
иян,7
куэ,7
эты,7
иха,7
хон,7
лля,7
ашт,7
ыдн,7
руй,7
деч,7
ьег,7
_ящ,7
ежь,7
сша,7
бне,7
уяс,7
гий,7
_бд,7
рпа,7
сыт,6
уир,6
лиг,6
юти,6
вди,6
_эн,6
чеп,6
мби,6
зуз,6
ошь,6
еем,6
умр,6
хно,6
бща,6
еох,6
енш,6
вщи,6
вущ,6
лап,6
одь,6
агу,6
сеи,6
ваз,6
йси,6
_жг,6
тух,6
исв,6
туе,6
овщ,6
явс,6
ожг,6
оот,6
ихв,6
усч,6
лпи,6
екн,6
ург,6
отш,6
юмы,6
лол,6
ейм,6
кше,6
аиз,6
йдж,6
льщ,6
огт,6
лло,6
рля,6
елч,6
рци,6
кся,6
экс,6
чоп,6
утл,6
урт,6
жую,6
олб,6
воц,6
нук,6
убц,6
дак,6
ичо,6
вуа,6
мев,6
аез,6
паш,6
едм,6
оан,6
екш,6
айч,6
фат,6
лип,6
ипн,6
суш,6
юма,6
евл,6
нущ,6
очл,6
аял,6
ичь,6
зод,6
гоб,6
вуй,6
яем,6
иша,6
зуд,6
дмо,6
нша,6
хаа,6
аар,6
убь,6
_вж,6
кце,6
эно,6
оив,6
омя,6
хед,6
плу,6
сры,6
иял,6
тце,6
_ет,6
_мс,6
ыйд,6
лма,6
чли,6
ьту,6
гию,6
епя,6
чих,6
фре,6
усы,6
вак,6
отг,6
рья,6
бай,6
аяч,6
_шр,6
чаг,6
нащ,6
чищ,6
шра,6
тсу,6
бжи,6
апк,6
льг,6
зыр,6
якш,6
ямь,6
вач,6
дби,6
рыб,6
ымо,6
яан,6
сшу,6
оиш,6
вкн,6
гся,6
кит,6
ясу,6
явк,6
ийк,6
баб,6
мих,6
язи,6
пь_,6
епь,6
пых,6
бищ,6
яку,6
дул,6
трю,6
гео,6
фок,6
дью,6
чад,6
шом,6
дда,6
брю,6
ьяс,6
цки,6
сию,6
ысм,6
дын,6
шед,6
исц,6
ежу,6
апы,6
шпо,6
рра,6
буш,6
_вч,6
сеч,6
шпи,6
сха,6
зул,6
жиш,6
зуп,6
ихр,6
юк_,6
атч,6
ыке,6
вгл,6
еум,6
лум,6
ьта,6
уру,6
пич,6
шог,6
жис,5
тъе,5
ясл,5
мия,5
реи,5
нг_,5
ысш,5
збы,5
щью,5
чуг,5
гча,5
отъ,5
сгр,5
уйк,5
юше,5
лоу,5
дта,5
сл_,5
ызн,5
бтя,5
дуа,5
фом,5
аик,5
тея,5
урп,5
руе,5
фы_,5
рб_,5
ццу,5
азь,5
обь,5
_пч,5
нуч,5
ьор,5
епу,5
тык,5
агд,5
зши,5
ньо,5
туж,5
лус,5
рыц,5
ыца,5
ьс_,5
жбы,5
яци,5
фут,5
ляц,5
нуе,5
уе_,5
мке,5
чту,5
кею,5
лкл,5
двы,5
укт,5
зд_,5
шое,5
рс_,5
лду,5
рзл,5
мме,5
_эв,5
чты,5
дбе,5
_эф,5
ычи,5
вяд,5
дню,5
фиб,5
эва,5
ывн,5
зую,5
гво,5
ачь,5
юбя,5
сач,5
схл,5
умф,5
тми,5
луя,5
тун,5
фам,5
еют,5
хро,5
мык,5
грю,5
ыхн,5
сул,5
впу,5
нуи,5
сае,5
фей,5
ойч,5
яр_,5
еп_,5
_бь,5
нга,5
пез,5
жом,5
доу,5
бди,5
згр,5
ызы,5
_юв,5
трь,5
фру,5
бый,5
елт,5
дях,5
яше,5
жгу,5
яюс,5
эте,5
_ер,5
еоп,5
еос,5
_зя,5
юдц,5
йли,5
зац,5
ывч,5
езт,5
ирм,5
жби,5
ыси,5
яйс,5
хню,5
юте,5
аяа,5
юрб,5
ямл,5
одз,5
пни,5
уац,5
бых,5
юве,5
лте,5
шеи,5
икс,5
еср,5
уйн,5
озу,5
рби,5
дкр,5
_яб,5
мца,5
бза,5
аху,5
усу,5
аюк,5
нод,5
зии,5
биш,5
ащ_,5
ыпе,5
ябл,5
аед,5
ляш,5
мче,5
жищ,5
меи,5
азж,5
шез,5
имк,5
_ян,5
кве,5
юмо,5
чия,5
ьду,5
дча,5
юка,5
ргу,5
ооч,5
бде,5
йму,5
ышу,5
нол,5
тац,5
нго,5
хре,5
ядь,5
зоз,5
пты,5
шуа,5
ыту,5
вио,5
зти,5
яду,5
ашь,5
тев,5
еце,5
зив,5
зжи,5
хое,5
афр,5
